id,input_rows,phase_rows,block_rows,gates,max_depth,formats,modulus_bits,max_abs_loss_units,tight_power_two_exponent,status,producer_cpu_seconds,checker_cpu_seconds,delta_exp,max_abs_error
positive-rne-rne,32,32,34,2,2,2,5,16,0,checked,0.001839889000000039,0.0061382889999999635,-4,1
negative-rne-rne,32,32,34,2,2,2,5,16,0,checked,0.0,0.007998968999999967,-4,1
finer-tail-rne-rne,32,32,34,2,2,3,5,12,0,checked,0.0,0.004001287999999992,-4,3/4
coarser-tail-rne-rne,32,32,36,2,2,3,5,12,0,checked,0.004002108000000004,0.003996610000000067,-4,3/4
positive-rne-rup,32,32,34,2,2,2,5,16,0,checked,0.0,0.00800153299999995,-4,1
negative-rne-rup,32,32,34,2,2,2,5,16,0,checked,0.0,0.007998198999999984,-4,1
finer-tail-rne-rup,32,32,34,2,2,3,5,12,0,checked,0.0,0.00400185800000008,-4,3/4
coarser-tail-rne-rup,32,16,18,2,2,3,4,12,0,checked,0.004002057999999975,0.003995678999999974,-4,3/4
positive-rne-rdn,32,32,34,2,2,2,5,16,0,checked,0.0,0.008000711999999965,-4,1
negative-rne-rdn,32,32,34,2,2,2,5,16,0,checked,0.0,0.008000111000000087,-4,1
finer-tail-rne-rdn,32,32,34,2,2,3,5,12,0,checked,0.0,0.008007030999999998,-4,3/4
coarser-tail-rne-rdn,32,16,18,2,2,3,4,12,0,checked,0.0,0.007992278999999991,-4,3/4
positive-rne-rtz,32,32,34,2,2,2,5,16,0,checked,0.0,0.004002488999999998,-4,1
negative-rne-rtz,32,32,34,2,2,2,5,16,0,checked,0.004001297999999931,0.003996310000000003,-4,1
finer-tail-rne-rtz,32,32,34,2,2,3,5,12,0,checked,0.0,0.008001102000000038,-4,3/4
coarser-tail-rne-rtz,32,16,18,2,2,3,4,12,0,checked,0.0,0.004000556000000044,-4,3/4
positive-rup-rne,32,32,34,2,2,2,5,23,1,checked,0.004005813999999996,0.003995379000000021,-4,23/16
negative-rup-rne,32,32,34,2,2,2,5,23,1,checked,0.0,0.007997747,-4,23/16
finer-tail-rup-rne,32,16,17,2,2,3,4,11,0,checked,0.0,0.008007171999999896,-4,11/16
coarser-tail-rup-rne,32,32,36,2,2,3,5,15,0,checked,0.0,0.0079945520000001,-4,15/16
positive-rup-rup,32,16,17,2,2,2,4,23,1,checked,0.0,0.0040008869999998975,-4,23/16
negative-rup-rup,32,16,17,2,2,2,4,23,1,checked,0.0,0.00799778700000009,-4,23/16
finer-tail-rup-rup,32,16,17,2,2,3,4,19,1,checked,0.0,0.007987722999999947,-4,19/16
coarser-tail-rup-rup,32,16,18,2,2,3,4,15,0,checked,0.0,0.00400239899999999,-4,15/16
positive-rup-rdn,32,16,17,2,2,2,4,8,-1,checked,0.003999815000000018,0.004000777000000011,-4,1/2
negative-rup-rdn,32,16,17,2,2,2,4,8,-1,checked,0.0,0.007997326000000027,-4,1/2
finer-tail-rup-rdn,32,16,17,2,2,3,4,11,0,checked,0.0,0.008070887000000027,-4,11/16
coarser-tail-rup-rdn,32,16,18,2,2,3,4,8,-1,checked,0.0,0.0039303819999999545,-4,1/2
positive-rup-rtz,32,16,17,2,2,2,4,8,-1,checked,0.0,0.008008062000000038,-4,1/2
negative-rup-rtz,32,16,17,2,2,2,4,23,1,checked,0.0,0.007983835999999966,-4,23/16
finer-tail-rup-rtz,32,16,17,2,2,3,4,11,0,checked,0.0,0.004003660999999936,-4,11/16
coarser-tail-rup-rtz,32,16,18,2,2,3,4,8,-1,checked,0.0039989940000000335,0.003998312999999976,-4,1/2
positive-rdn-rne,32,32,34,2,2,2,5,23,1,checked,0.0,0.008001202000000096,-4,23/16
negative-rdn-rne,32,32,34,2,2,2,5,23,1,checked,0.0,0.007998558999999905,-4,23/16
finer-tail-rdn-rne,32,16,17,2,2,3,4,19,1,checked,0.0,0.004000476000000086,-4,19/16
coarser-tail-rdn-rne,32,32,36,2,2,3,5,15,0,checked,0.004002017999999996,0.003996690999999997,-4,15/16
positive-rdn-rup,32,16,17,2,2,2,4,8,-1,checked,0.0,0.008001031999999908,-4,1/2
negative-rdn-rup,32,16,17,2,2,2,4,8,-1,checked,0.0,0.00800383700000007,-4,1/2
finer-tail-rdn-rup,32,16,17,2,2,3,4,11,0,checked,0.0,0.007995663999999958,-4,11/16
coarser-tail-rdn-rup,32,16,18,2,2,3,4,8,-1,checked,0.0,0.0040016980000000535,-4,1/2
positive-rdn-rdn,32,16,17,2,2,2,4,23,1,checked,0.0,0.007998959000000028,-4,23/16
negative-rdn-rdn,32,16,17,2,2,2,4,23,1,checked,0.0,0.004000746999999971,-4,23/16
finer-tail-rdn-rdn,32,16,17,2,2,3,4,19,1,checked,0.0,0.004000867000000019,-4,19/16
coarser-tail-rdn-rdn,32,16,18,2,2,3,4,15,0,checked,0.0,0.007998218000000001,-4,15/16
positive-rdn-rtz,32,16,17,2,2,2,4,23,1,checked,0.0,0.0039988240000000674,-4,23/16
negative-rdn-rtz,32,16,17,2,2,2,4,8,-1,checked,0.0,0.008000751999999944,-4,1/2
finer-tail-rdn-rtz,32,16,17,2,2,3,4,19,1,checked,0.0,0.007999009000000057,-4,19/16
coarser-tail-rdn-rtz,32,16,18,2,2,3,4,15,0,checked,0.0,0.00400292999999996,-4,15/16
positive-rtz-rne,32,32,34,2,2,2,5,23,1,checked,0.004000605999999962,0.003997240999999985,-4,23/16
negative-rtz-rne,32,32,34,2,2,2,5,23,1,checked,0.0,0.007999510000000098,-4,23/16
finer-tail-rtz-rne,32,16,17,2,2,3,4,19,1,checked,0.0,0.008006921,-4,19/16
coarser-tail-rtz-rne,32,32,36,2,2,3,5,15,0,checked,0.0,0.003992914999999986,-4,15/16
positive-rtz-rup,32,16,17,2,2,2,4,8,-1,checked,0.004006465000000015,0.003996920999999931,-4,1/2
negative-rtz-rup,32,16,17,2,2,2,4,23,1,checked,0.0,0.007998017999999996,-4,23/16
finer-tail-rtz-rup,32,16,17,2,2,3,4,11,0,checked,0.0,0.008006000000000069,-4,11/16
coarser-tail-rtz-rup,32,16,18,2,2,3,4,8,-1,checked,0.0,0.007993600999999906,-4,1/2
positive-rtz-rdn,32,16,17,2,2,2,4,23,1,checked,0.0,0.004001618000000096,-4,23/16
negative-rtz-rdn,32,16,17,2,2,2,4,8,-1,checked,0.0,0.008000110999999976,-4,1/2
finer-tail-rtz-rdn,32,16,17,2,2,3,4,19,1,checked,0.0,0.007998057000000003,-4,19/16
coarser-tail-rtz-rdn,32,16,18,2,2,3,4,15,0,checked,0.0,0.004002979999999989,-4,15/16
positive-rtz-rtz,32,16,17,2,2,2,4,23,1,checked,0.0040012670000000305,0.003995899999999941,-4,23/16
negative-rtz-rtz,32,16,17,2,2,2,4,23,1,checked,0.0,0.008007021000000059,-4,23/16
finer-tail-rtz-rtz,32,16,17,2,2,3,4,19,1,checked,0.0,0.007994181999999905,-4,19/16
coarser-tail-rtz-rtz,32,16,18,2,2,3,4,15,0,checked,0.0,0.0039997650000000995,-4,15/16
phase-loss-correlation,2,2,4,2,2,2,5,4,-2,checked,0.0,0.004006634999999981,-4,1/4
box-rne-rne,4096,256,258,2,2,2,4,8,1,checked,0.0,0.531978209,-2,2
box-rup-rdn,4096,64,65,2,2,2,3,4,0,checked,0.004002268999999892,0.495950793,-2,1
split-subnormal-rne,16,16,38,3,3,4,5,5,-1,checked,0.0,0.004002158000000033,-4,5/16
split-subnormal-rup,16,16,38,3,3,4,5,7,-1,checked,0.004006576000000095,0.003997851999999913,-4,7/16
split-subnormal-rdn,16,16,37,3,3,4,5,7,-1,checked,0.0,0.003999153999999949,-4,7/16
split-drain,16,16,32,2,2,2,5,8,-1,checked,0.0,0.0039980020000001115,-4,1/2
correlated-inputs,16,16,17,2,2,2,6,16,0,checked,0.0,0.003996299999999842,-4,1
marginal-inputs,256,256,257,2,2,2,6,31,1,checked,0.004007797000000091,0.031991270000000016,-4,31/16
ordinary-drain,32,32,32,1,1,1,5,159,4,checked,0.0,0.004014037000000137,-4,159/16
witness-binary32-binary16,2,2,3,2,2,2,14,8192,-10,checked,0.0,0.0,-23,1/1024
witness-binary64-binary32,2,2,3,2,2,2,30,536870912,-23,checked,0.0,0.003989128999999814,-52,1/8388608
witness-binary32-bfloat16,2,2,3,2,2,2,17,65536,-7,checked,0.0,0.0,-23,1/128
witness-binary64-binary16,2,2,3,2,2,2,43,4398046511104,-10,checked,0.0,0.0,-52,1/1024
witness-toy8-toy4,2,2,3,2,2,2,5,16,-3,checked,0.0,0.0,-7,1/8
deep-split-positive-08,32,4,8,8,8,3,2,0,,checked,0.004001296999999848,0.020003612000000004,-4,0
deep-split-negative-08,32,4,8,8,8,3,2,0,,checked,0.0,0.019993908000000005,-4,0
deep-split-positive-16,32,4,16,16,16,3,2,1,-4,checked,0.0,0.03999690900000008,-4,1/16
deep-split-negative-16,32,4,16,16,16,3,2,1,-4,checked,0.004643763999999884,0.0393538320000002,-4,1/16
deep-split-positive-24,32,4,24,24,24,3,2,0,,checked,0.0039993339999999655,0.05599923500000026,-4,0
deep-split-negative-24,32,4,24,24,24,3,2,0,,checked,0.0,0.06000295499999986,-4,0
deep-split-positive-32,32,4,32,32,32,3,2,3,-2,checked,0.004000825999999957,0.07201364799999999,-4,3/16
deep-split-negative-32,32,4,32,32,32,3,2,3,-2,checked,0.0,0.07599231000000017,-4,3/16
serial-positive-0,32,32,38,7,7,4,5,26,1,checked,0.003999415000000006,0.015998088999999993,-4,13/8
serial-negative-0,32,32,38,7,7,4,5,10,0,checked,0.0,0.01600518899999992,-4,5/8
serial-positive-1,32,32,38,7,7,4,5,18,1,checked,0.0,0.015983326999999825,-4,9/8
serial-negative-1,32,32,38,7,7,4,5,17,1,checked,0.004006094000000182,0.015991758999999828,-4,17/16
serial-positive-2,32,32,38,7,7,4,5,17,1,checked,0.0,0.01600690199999999,-4,17/16
serial-negative-2,32,32,38,7,7,4,5,13,0,checked,0.00400121699999989,0.015995345000000327,-4,13/16
serial-positive-3,32,16,19,7,7,4,4,17,1,checked,0.0,0.0160007529999997,-4,17/16
serial-negative-3,32,16,19,7,7,4,4,17,1,checked,0.004011651999999977,0.01598661200000029,-4,17/16
balanced-positive-0,256,256,262,7,3,3,4,8,-1,checked,0.004002508999999765,0.09596488700000005,-4,1/2
balanced-negative-0,256,256,266,7,3,3,4,15,0,checked,0.0040056440000002524,0.10399604399999962,-4,15/16
balanced-positive-1,256,256,266,7,3,3,4,8,-1,checked,0.004001287000000353,0.0999915119999999,-4,1/2
balanced-negative-1,256,256,262,7,3,3,4,8,-1,checked,0.0040066859999998705,0.1080001450000001,-4,1/2
balanced-positive-2,256,256,261,7,3,3,5,8,-1,checked,0.0,0.09999553799999994,-4,1/2
balanced-negative-2,256,256,266,7,3,3,5,8,-1,checked,0.004008118000000227,0.11199528299999972,-4,1/2
census-pos-ab-p33-rne-rne,8,8,10,2,2,2,4,8,-1,checked,0.0,0.0,-4,1/2
census-pos-ab-p33-rne-rup,8,8,10,2,2,2,4,2,-3,checked,0.0,0.004002478999999948,-4,1/8
census-pos-ab-p33-rne-rdn,8,8,10,2,2,2,4,9,0,checked,0.0,0.0,-4,9/16
census-pos-ab-p33-rne-rtz,8,8,10,2,2,2,4,9,0,checked,0.0,0.0039985740000001435,-4,9/16
census-pos-ab-p33-rup-rne,8,8,10,2,2,2,4,10,0,checked,0.0,0.0,-4,5/8
census-pos-ab-p33-rup-rup,8,8,10,2,2,2,3,10,0,checked,0.0,0.004001006999999834,-4,5/8
census-pos-ab-p33-rup-rdn,8,8,10,2,2,2,3,2,-3,checked,0.0,0.0,-4,1/8
census-pos-ab-p33-rup-rtz,8,8,10,2,2,2,3,2,-3,checked,0.0,0.004001217000000334,-4,1/8
census-pos-ab-p33-rdn-rne,8,8,10,2,2,2,4,8,-1,checked,0.0,0.0,-4,1/2
census-pos-ab-p33-rdn-rup,8,8,10,2,2,2,3,2,-3,checked,0.0,0.004005042999999819,-4,1/8
census-pos-ab-p33-rdn-rdn,8,8,10,2,2,2,3,9,0,checked,0.0,0.0,-4,9/16
census-pos-ab-p33-rdn-rtz,8,8,10,2,2,2,3,9,0,checked,0.0,0.003991341999999953,-4,9/16
census-pos-ab-p33-rtz-rne,8,8,10,2,2,2,4,8,-1,checked,0.0,0.0,-4,1/2
census-pos-ab-p33-rtz-rup,8,8,10,2,2,2,3,2,-3,checked,0.0,0.0039991239999999095,-4,1/8
census-pos-ab-p33-rtz-rdn,8,8,10,2,2,2,3,9,0,checked,0.0,0.0,-4,9/16
census-pos-ab-p33-rtz-rtz,8,8,10,2,2,2,3,9,0,checked,0.0,0.0039991640000001105,-4,9/16
census-pos-ab-p34-rne-rne,8,8,10,2,2,3,4,5,-1,checked,0.0,0.0,-4,5/16
census-pos-ab-p34-rne-rup,8,8,10,2,2,3,4,4,-2,checked,0.0,0.0039991239999999095,-4,1/4
census-pos-ab-p34-rne-rdn,8,8,10,2,2,3,4,5,-1,checked,0.0,0.0,-4,5/16
census-pos-ab-p34-rne-rtz,8,8,10,2,2,3,4,5,-1,checked,0.0,0.004002670000000208,-4,5/16
census-pos-ab-p34-rup-rne,8,8,10,2,2,3,3,6,-1,checked,0.0,0.0,-4,3/8
census-pos-ab-p34-rup-rup,8,8,10,2,2,3,3,9,0,checked,0.0,0.004009959999999868,-4,9/16
census-pos-ab-p34-rup-rdn,8,8,10,2,2,3,3,6,-1,checked,0.0,0.0,-4,3/8
census-pos-ab-p34-rup-rtz,8,8,10,2,2,3,3,6,-1,checked,0.0,0.003994016000000045,-4,3/8
census-pos-ab-p34-rdn-rne,8,8,10,2,2,3,3,5,-1,checked,0.0,0.0,-4,5/16
census-pos-ab-p34-rdn-rup,8,8,10,2,2,3,3,4,-2,checked,0.0,0.0039969809999997885,-4,1/4
census-pos-ab-p34-rdn-rdn,8,8,10,2,2,3,3,5,-1,checked,0.0,0.0,-4,5/16
census-pos-ab-p34-rdn-rtz,8,8,10,2,2,3,3,5,-1,checked,0.0,0.004002219000000196,-4,5/16
census-pos-ab-p34-rtz-rne,8,8,10,2,2,3,3,5,-1,checked,0.0,0.0,-4,5/16
census-pos-ab-p34-rtz-rup,8,8,10,2,2,3,3,4,-2,checked,0.0,0.003996079999999846,-4,1/4
census-pos-ab-p34-rtz-rdn,8,8,10,2,2,3,3,5,-1,checked,0.0,0.0,-4,5/16
census-pos-ab-p34-rtz-rtz,8,8,10,2,2,3,3,5,-1,checked,0.0,0.003998893000000336,-4,5/16
census-pos-ab-p35-rne-rne,8,8,10,2,2,3,4,5,-1,checked,0.0,0.0,-4,5/16
census-pos-ab-p35-rne-rup,8,8,10,2,2,3,4,4,-2,checked,0.0,0.004002508999999765,-4,1/4
census-pos-ab-p35-rne-rdn,8,8,10,2,2,3,4,5,-1,checked,0.0,0.0,-4,5/16
census-pos-ab-p35-rne-rtz,8,8,10,2,2,3,4,5,-1,checked,0.0,0.003998323000000248,-4,5/16
census-pos-ab-p35-rup-rne,8,8,10,2,2,3,3,6,-1,checked,0.0,0.0,-4,3/8
census-pos-ab-p35-rup-rup,8,8,10,2,2,3,3,7,-1,checked,0.0,0.0,-4,7/16
census-pos-ab-p35-rup-rdn,8,8,10,2,2,3,3,6,-1,checked,0.004000687000000003,0.0,-4,3/8
census-pos-ab-p35-rup-rtz,8,8,10,2,2,3,3,6,-1,checked,0.0,0.0,-4,3/8
census-pos-ab-p35-rdn-rne,8,8,10,2,2,3,3,5,-1,checked,0.004007425999999814,0.0,-4,5/16
census-pos-ab-p35-rdn-rup,8,8,10,2,2,3,3,4,-2,checked,0.0,0.0,-4,1/4
census-pos-ab-p35-rdn-rdn,8,8,10,2,2,3,3,5,-1,checked,0.003995299000000063,0.0,-4,5/16
census-pos-ab-p35-rdn-rtz,8,8,10,2,2,3,3,5,-1,checked,0.0,0.0,-4,5/16
census-pos-ab-p35-rtz-rne,8,8,10,2,2,3,3,5,-1,checked,0.004001027000000157,0.0,-4,5/16
census-pos-ab-p35-rtz-rup,8,8,10,2,2,3,3,4,-2,checked,0.0,0.0,-4,1/4
census-pos-ab-p35-rtz-rdn,8,8,10,2,2,3,3,5,-1,checked,0.003996489999999575,0.0,-4,5/16
census-pos-ab-p35-rtz-rtz,8,8,10,2,2,3,3,5,-1,checked,0.0,0.0,-4,5/16
census-pos-ab-p43-rne-rne,8,8,12,2,2,3,4,6,-1,checked,0.0,0.004001297000000292,-4,3/8
census-pos-ab-p43-rne-rup,8,8,12,2,2,3,3,8,-1,checked,0.0,0.0,-4,1/2
census-pos-ab-p43-rne-rdn,8,8,12,2,2,3,3,7,-1,checked,0.0,0.003999845000000057,-4,7/16
census-pos-ab-p43-rne-rtz,8,8,12,2,2,3,3,7,-1,checked,0.0,0.0,-4,7/16
census-pos-ab-p43-rup-rne,8,8,10,2,2,3,4,2,-3,checked,0.0,0.00399906399999983,-4,1/8
census-pos-ab-p43-rup-rup,8,8,10,2,2,3,3,9,0,checked,0.0,0.0,-4,9/16
census-pos-ab-p43-rup-rdn,8,8,10,2,2,3,3,2,-3,checked,0.0,0.004000555999999822,-4,1/8
census-pos-ab-p43-rup-rtz,8,8,10,2,2,3,3,2,-3,checked,0.0,0.0,-4,1/8
census-pos-ab-p43-rdn-rne,8,8,12,2,2,3,4,7,-1,checked,0.0,0.004005654000000192,-4,7/16
census-pos-ab-p43-rdn-rup,8,8,12,2,2,3,3,7,-1,checked,0.0,0.0,-4,7/16
census-pos-ab-p43-rdn-rdn,8,8,12,2,2,3,3,8,-1,checked,0.004006224999999919,0.0,-4,1/2
census-pos-ab-p43-rdn-rtz,8,8,12,2,2,3,3,8,-1,checked,0.0,0.0,-4,1/2
census-pos-ab-p43-rtz-rne,8,8,12,2,2,3,4,7,-1,checked,0.0,0.003992364000000137,-4,7/16
census-pos-ab-p43-rtz-rup,8,8,12,2,2,3,3,7,-1,checked,0.0,0.004007757000000112,-4,7/16
census-pos-ab-p43-rtz-rdn,8,8,12,2,2,3,3,8,-1,checked,0.0,0.0,-4,1/2
census-pos-ab-p43-rtz-rtz,8,8,12,2,2,3,3,8,-1,checked,0.004007736999999789,0.00398195800000023,-4,1/2
census-pos-ab-p44-rne-rne,8,8,12,2,2,2,3,3,-2,checked,0.0,0.0,-4,3/16
census-pos-ab-p44-rne-rup,8,8,12,2,2,2,3,4,-2,checked,0.0,0.003999814999999796,-4,1/4
census-pos-ab-p44-rne-rdn,8,8,12,2,2,2,3,3,-2,checked,0.0,0.004679917999999894,-4,3/16
census-pos-ab-p44-rne-rtz,8,8,12,2,2,2,3,3,-2,checked,0.0,0.003317218999999927,-4,3/16
census-pos-ab-p44-rup-rne,8,8,10,2,2,2,3,2,-3,checked,0.0,0.0,-4,1/8
census-pos-ab-p44-rup-rup,8,8,10,2,2,2,2,5,-1,checked,0.0,0.004001247000000152,-4,5/16
census-pos-ab-p44-rup-rdn,8,8,10,2,2,2,2,2,-3,checked,0.0,0.0,-4,1/8
census-pos-ab-p44-rup-rtz,8,8,10,2,2,2,2,2,-3,checked,0.0,0.0,-4,1/8
census-pos-ab-p44-rdn-rne,8,8,12,2,2,2,3,4,-2,checked,0.0040057739999999065,0.0,-4,1/4
census-pos-ab-p44-rdn-rup,8,8,10,2,2,2,2,3,-2,checked,0.0,0.0,-4,3/16
census-pos-ab-p44-rdn-rdn,8,8,10,2,2,2,2,4,-2,checked,0.0,0.003998343000000126,-4,1/4
census-pos-ab-p44-rdn-rtz,8,8,10,2,2,2,2,4,-2,checked,0.0,0.0,-4,1/4
census-pos-ab-p44-rtz-rne,8,8,12,2,2,2,3,4,-2,checked,0.0,0.003997812000000156,-4,1/4
census-pos-ab-p44-rtz-rup,8,8,10,2,2,2,2,3,-2,checked,0.0,0.0,-4,3/16
census-pos-ab-p44-rtz-rdn,8,8,10,2,2,2,2,4,-2,checked,0.0,0.003998462999999841,-4,1/4
census-pos-ab-p44-rtz-rtz,8,8,10,2,2,2,2,4,-2,checked,0.0,0.0,-4,1/4
census-pos-ab-p45-rne-rne,8,8,12,2,2,3,3,3,-2,checked,0.0,0.003999034000000012,-4,3/16
census-pos-ab-p45-rne-rup,8,8,12,2,2,3,3,2,-3,checked,0.0,0.0,-4,1/8
census-pos-ab-p45-rne-rdn,8,8,12,2,2,3,3,3,-2,checked,0.0,0.004000646000000163,-4,3/16
census-pos-ab-p45-rne-rtz,8,8,12,2,2,3,3,3,-2,checked,0.0,0.0,-4,3/16
census-pos-ab-p45-rup-rne,8,8,10,2,2,3,2,2,-3,checked,0.0,0.0039995149999998425,-4,1/8
census-pos-ab-p45-rup-rup,8,8,10,2,2,3,2,3,-2,checked,0.0,0.0,-4,3/16
census-pos-ab-p45-rup-rdn,8,8,10,2,2,3,2,2,-3,checked,0.0,0.004002548999999966,-4,1/8
census-pos-ab-p45-rup-rtz,8,8,10,2,2,3,2,2,-3,checked,0.0,0.0,-4,1/8
census-pos-ab-p45-rdn-rne,8,8,10,2,2,3,2,4,-2,checked,0.004006434999999975,0.0,-4,1/4
census-pos-ab-p45-rdn-rup,8,8,10,2,2,3,2,3,-2,checked,0.0,0.003998844000000279,-4,3/16
census-pos-ab-p45-rdn-rdn,8,8,10,2,2,3,2,4,-2,checked,0.0,0.0,-4,1/4
census-pos-ab-p45-rdn-rtz,8,8,10,2,2,3,2,4,-2,checked,0.0,0.003993244999999757,-4,1/4
census-pos-ab-p45-rtz-rne,8,8,10,2,2,3,2,4,-2,checked,0.0,0.0,-4,1/4
census-pos-ab-p45-rtz-rup,8,8,10,2,2,3,2,3,-2,checked,0.0,0.0039987439999999985,-4,3/16
census-pos-ab-p45-rtz-rdn,8,8,10,2,2,3,2,4,-2,checked,0.0,0.0,-4,1/4
census-pos-ab-p45-rtz-rtz,8,8,10,2,2,3,2,4,-2,checked,0.0,0.003999343999999905,-4,1/4
census-pos-ab-p53-rne-rne,8,8,12,2,2,3,4,2,-3,checked,0.0,0.0,-4,1/8
census-pos-ab-p53-rne-rup,8,8,12,2,2,3,3,8,-1,checked,0.0,0.0,-4,1/2
census-pos-ab-p53-rne-rdn,8,8,12,2,2,3,3,7,-1,checked,0.004001378000000333,0.0,-4,7/16
census-pos-ab-p53-rne-rtz,8,8,12,2,2,3,3,7,-1,checked,0.0,0.0,-4,7/16
census-pos-ab-p53-rup-rne,8,8,12,2,2,3,4,2,-3,checked,0.0,0.004001526999999783,-4,1/8
census-pos-ab-p53-rup-rup,8,8,12,2,2,3,3,8,-1,checked,0.0,0.0,-4,1/2
census-pos-ab-p53-rup-rdn,8,8,12,2,2,3,3,7,-1,checked,0.0,0.00400299000000004,-4,7/16
census-pos-ab-p53-rup-rtz,8,8,12,2,2,3,3,7,-1,checked,0.0,0.0,-4,7/16
census-pos-ab-p53-rdn-rne,8,8,12,2,2,3,4,2,-3,checked,0.0,0.004001257000000091,-4,1/8
census-pos-ab-p53-rdn-rup,8,8,12,2,2,3,3,7,-1,checked,0.0,0.0,-4,7/16
census-pos-ab-p53-rdn-rdn,8,8,12,2,2,3,3,8,-1,checked,0.0,0.003996780999999672,-4,1/2
census-pos-ab-p53-rdn-rtz,8,8,12,2,2,3,3,8,-1,checked,0.0,0.0,-4,1/2
census-pos-ab-p53-rtz-rne,8,8,12,2,2,3,4,2,-3,checked,0.0,0.003999034000000012,-4,1/8
census-pos-ab-p53-rtz-rup,8,8,12,2,2,3,3,7,-1,checked,0.0,0.0,-4,7/16
census-pos-ab-p53-rtz-rdn,8,8,12,2,2,3,3,8,-1,checked,0.0,0.004000686000000364,-4,1/2
census-pos-ab-p53-rtz-rtz,8,8,12,2,2,3,3,8,-1,checked,0.0,0.0,-4,1/2
census-pos-ab-p54-rne-rne,8,8,12,2,2,3,3,2,-3,checked,0.0,0.00399755199999996,-4,1/8
census-pos-ab-p54-rne-rup,8,8,12,2,2,3,2,4,-2,checked,0.0,0.0,-4,1/4
census-pos-ab-p54-rne-rdn,8,8,12,2,2,3,2,3,-2,checked,0.0,0.004000435999999663,-4,3/16
census-pos-ab-p54-rne-rtz,8,8,12,2,2,3,2,3,-2,checked,0.0,0.0,-4,3/16
census-pos-ab-p54-rup-rne,8,8,12,2,2,3,3,2,-3,checked,0.0,0.0,-4,1/8
census-pos-ab-p54-rup-rup,8,8,12,2,2,3,2,4,-2,checked,0.0040014880000001085,0.0,-4,1/4
census-pos-ab-p54-rup-rdn,8,8,12,2,2,3,2,3,-2,checked,0.0,0.0,-4,3/16
census-pos-ab-p54-rup-rtz,8,8,12,2,2,3,2,3,-2,checked,0.003999665000000263,0.0,-4,3/16
census-pos-ab-p54-rdn-rne,8,8,12,2,2,3,3,2,-3,checked,0.0,0.0,-4,1/8
census-pos-ab-p54-rdn-rup,8,8,12,2,2,3,2,3,-2,checked,0.0,0.004000845999999836,-4,3/16
census-pos-ab-p54-rdn-rdn,8,8,12,2,2,3,2,4,-2,checked,0.0,0.0,-4,1/4
census-pos-ab-p54-rdn-rtz,8,8,12,2,2,3,2,4,-2,checked,0.0,0.003999864999999936,-4,1/4
census-pos-ab-p54-rtz-rne,8,8,12,2,2,3,3,2,-3,checked,0.0,0.0,-4,1/8
census-pos-ab-p54-rtz-rup,8,8,12,2,2,3,2,3,-2,checked,0.0,0.003999875999999958,-4,3/16
census-pos-ab-p54-rtz-rdn,8,8,12,2,2,3,2,4,-2,checked,0.0,0.0,-4,1/4
census-pos-ab-p54-rtz-rtz,8,8,12,2,2,3,2,4,-2,checked,0.0,0.003998893000000336,-4,1/4
census-pos-ab-p55-rne-rne,8,8,12,2,2,2,2,1,-4,checked,0.0,0.0,-4,1/16
census-pos-ab-p55-rne-rup,8,8,12,2,2,2,2,2,-3,checked,0.0,0.004000195999999789,-4,1/8
census-pos-ab-p55-rne-rdn,8,8,12,2,2,2,2,1,-4,checked,0.0,0.0,-4,1/16
census-pos-ab-p55-rne-rtz,8,8,12,2,2,2,2,1,-4,checked,0.0,0.004003260000000175,-4,1/16
census-pos-ab-p55-rup-rne,8,8,12,2,2,2,2,1,-4,checked,0.0,0.0,-4,1/16
census-pos-ab-p55-rup-rup,8,8,10,2,2,2,1,2,-3,checked,0.0,0.004001457999999847,-4,1/8
census-pos-ab-p55-rup-rdn,8,8,10,2,2,2,1,1,-4,checked,0.0,0.0,-4,1/16
census-pos-ab-p55-rup-rtz,8,8,10,2,2,2,1,1,-4,checked,0.0,0.004012062999999788,-4,1/16
census-pos-ab-p55-rdn-rne,8,8,12,2,2,2,2,1,-4,checked,0.0,0.0,-4,1/16
census-pos-ab-p55-rdn-rup,8,8,10,2,2,2,1,1,-4,checked,0.0,0.003972194000000151,-4,1/16
census-pos-ab-p55-rdn-rdn,8,8,10,2,2,2,1,2,-3,checked,0.0,0.0,-4,1/8
census-pos-ab-p55-rdn-rtz,8,8,10,2,2,2,1,2,-3,checked,0.0,0.0,-4,1/8
census-pos-ab-p55-rtz-rne,8,8,12,2,2,2,2,1,-4,checked,0.004000195000000151,0.0,-4,1/16
census-pos-ab-p55-rtz-rup,8,8,10,2,2,2,1,1,-4,checked,0.0,0.0,-4,1/16
census-pos-ab-p55-rtz-rdn,8,8,10,2,2,2,1,2,-3,checked,0.0,0.004001557999999683,-4,1/8
census-pos-ab-p55-rtz-rtz,8,8,10,2,2,2,1,2,-3,checked,0.0,0.0,-4,1/8
census-pos-ac-p33-rne-rne,8,8,12,2,2,2,4,7,-1,checked,0.0,0.004000455999999986,-4,7/16
census-pos-ac-p33-rne-rup,8,8,12,2,2,2,4,9,0,checked,0.0,0.0,-4,9/16
census-pos-ac-p33-rne-rdn,8,8,12,2,2,2,4,7,-1,checked,0.0,0.004001357000000372,-4,7/16
census-pos-ac-p33-rne-rtz,8,8,12,2,2,2,4,7,-1,checked,0.0,0.0,-4,7/16
census-pos-ac-p33-rup-rne,8,8,10,2,2,2,4,2,-3,checked,0.0,0.00400453299999981,-4,1/8
census-pos-ac-p33-rup-rup,8,8,10,2,2,2,3,10,0,checked,0.0,0.0,-4,5/8
census-pos-ac-p33-rup-rdn,8,8,10,2,2,2,3,2,-3,checked,0.0,0.003998202000000006,-4,1/8
census-pos-ac-p33-rup-rtz,8,8,10,2,2,2,3,2,-3,checked,0.0,0.0,-4,1/8
census-pos-ac-p33-rdn-rne,8,8,10,2,2,2,4,9,0,checked,0.0,0.0039966210000002,-4,9/16
census-pos-ac-p33-rdn-rup,8,8,10,2,2,2,3,2,-3,checked,0.0,0.0,-4,1/8
census-pos-ac-p33-rdn-rdn,8,8,10,2,2,2,3,9,0,checked,0.0,0.003998492999999659,-4,9/16
census-pos-ac-p33-rdn-rtz,8,8,10,2,2,2,3,9,0,checked,0.0,0.0,-4,9/16
census-pos-ac-p33-rtz-rne,8,8,10,2,2,2,4,9,0,checked,0.0,0.0040011370000003765,-4,9/16
census-pos-ac-p33-rtz-rup,8,8,10,2,2,2,3,2,-3,checked,0.0,0.0,-4,1/8
census-pos-ac-p33-rtz-rdn,8,8,10,2,2,2,3,9,0,checked,0.0,0.0048116739999999325,-4,9/16
census-pos-ac-p33-rtz-rtz,8,8,10,2,2,2,3,9,0,checked,0.0,0.003186753999999681,-4,9/16
census-pos-ac-p34-rne-rne,8,8,12,2,2,3,4,6,-1,checked,0.0,0.0,-4,3/8
census-pos-ac-p34-rne-rup,8,8,12,2,2,3,4,5,-1,checked,0.0,0.004004472000000092,-4,5/16
census-pos-ac-p34-rne-rdn,8,8,12,2,2,3,4,7,-1,checked,0.0,0.0,-4,7/16
census-pos-ac-p34-rne-rtz,8,8,12,2,2,3,4,7,-1,checked,0.0,0.00399819300000015,-4,7/16
census-pos-ac-p34-rup-rne,8,8,10,2,2,3,3,5,-1,checked,0.0,0.0,-4,5/16
census-pos-ac-p34-rup-rup,8,8,10,2,2,3,3,6,-1,checked,0.0,0.004000286000000131,-4,3/8
census-pos-ac-p34-rup-rdn,8,8,10,2,2,3,3,2,-3,checked,0.0,0.0,-4,1/8
census-pos-ac-p34-rup-rtz,8,8,10,2,2,3,3,2,-3,checked,0.0,0.003998242999999846,-4,1/8
census-pos-ac-p34-rdn-rne,8,8,10,2,2,3,3,8,-1,checked,0.0,0.0,-4,1/2
census-pos-ac-p34-rdn-rup,8,8,10,2,2,3,3,5,-1,checked,0.0,0.003999394000000045,-4,5/16
census-pos-ac-p34-rdn-rdn,8,8,10,2,2,3,3,9,0,checked,0.0,0.0,-4,9/16
census-pos-ac-p34-rdn-rtz,8,8,10,2,2,3,3,9,0,checked,0.0,0.003998363000000005,-4,9/16
census-pos-ac-p34-rtz-rne,8,8,10,2,2,3,3,8,-1,checked,0.0,0.0,-4,1/2
census-pos-ac-p34-rtz-rup,8,8,10,2,2,3,3,5,-1,checked,0.0,0.004002379000000111,-4,5/16
census-pos-ac-p34-rtz-rdn,8,8,10,2,2,3,3,9,0,checked,0.0,0.0,-4,9/16
census-pos-ac-p34-rtz-rtz,8,8,10,2,2,3,3,9,0,checked,0.0,0.0039982229999999674,-4,9/16
census-pos-ac-p35-rne-rne,8,8,12,2,2,3,4,4,-2,checked,0.0,0.0,-4,1/4
census-pos-ac-p35-rne-rup,8,8,12,2,2,3,4,4,-2,checked,0.0,0.004002067999999692,-4,1/4
census-pos-ac-p35-rne-rdn,8,8,12,2,2,3,4,5,-1,checked,0.0,0.0,-4,5/16
census-pos-ac-p35-rne-rtz,8,8,12,2,2,3,4,5,-1,checked,0.0,0.003997291000000125,-4,5/16
census-pos-ac-p35-rup-rne,8,8,10,2,2,3,3,5,-1,checked,0.0,0.0,-4,5/16
census-pos-ac-p35-rup-rup,8,8,10,2,2,3,3,5,-1,checked,0.0,0.0,-4,5/16
census-pos-ac-p35-rup-rdn,8,8,10,2,2,3,3,4,-2,checked,0.004000977000000017,0.0,-4,1/4
census-pos-ac-p35-rup-rtz,8,8,10,2,2,3,3,4,-2,checked,0.0,0.0,-4,1/4
census-pos-ac-p35-rdn-rne,8,8,10,2,2,3,3,6,-1,checked,0.0,0.004007176000000001,-4,3/8
census-pos-ac-p35-rdn-rup,8,8,10,2,2,3,3,6,-1,checked,0.0,0.0,-4,3/8
census-pos-ac-p35-rdn-rdn,8,8,10,2,2,3,3,7,-1,checked,0.0,0.0039946679999998125,-4,7/16
census-pos-ac-p35-rdn-rtz,8,8,10,2,2,3,3,7,-1,checked,0.0,0.0,-4,7/16
census-pos-ac-p35-rtz-rne,8,8,10,2,2,3,3,6,-1,checked,0.0,0.00400132700000011,-4,3/8
census-pos-ac-p35-rtz-rup,8,8,10,2,2,3,3,6,-1,checked,0.0,0.0,-4,3/8
census-pos-ac-p35-rtz-rdn,8,8,10,2,2,3,3,7,-1,checked,0.0,0.0040003259999998875,-4,7/16
census-pos-ac-p35-rtz-rtz,8,8,10,2,2,3,3,7,-1,checked,0.0,0.0,-4,7/16
census-pos-ac-p43-rne-rne,8,8,12,2,2,3,4,2,-3,checked,0.0,0.0039956890000003575,-4,1/8
census-pos-ac-p43-rne-rup,8,8,12,2,2,3,3,8,-1,checked,0.0,0.0,-4,1/2
census-pos-ac-p43-rne-rdn,8,8,12,2,2,3,3,8,-1,checked,0.0,0.004001366999999867,-4,1/2
census-pos-ac-p43-rne-rtz,8,8,12,2,2,3,3,8,-1,checked,0.0,0.0,-4,1/2
census-pos-ac-p43-rup-rne,8,8,12,2,2,3,4,2,-3,checked,0.0,0.004002118999999915,-4,1/8
census-pos-ac-p43-rup-rup,8,8,12,2,2,3,3,9,0,checked,0.0,0.0,-4,9/16
census-pos-ac-p43-rup-rdn,8,8,12,2,2,3,3,7,-1,checked,0.0,0.003997861999999852,-4,7/16
census-pos-ac-p43-rup-rtz,8,8,12,2,2,3,3,7,-1,checked,0.0,0.0,-4,7/16
census-pos-ac-p43-rdn-rne,8,8,10,2,2,3,4,2,-3,checked,0.0,0.0,-4,1/8
census-pos-ac-p43-rdn-rup,8,8,10,2,2,3,3,2,-3,checked,0.004001848000000141,0.0,-4,1/8
census-pos-ac-p43-rdn-rdn,8,8,10,2,2,3,3,9,0,checked,0.0,0.0,-4,9/16
census-pos-ac-p43-rdn-rtz,8,8,10,2,2,3,3,9,0,checked,0.0,0.004003009999999918,-4,9/16
census-pos-ac-p43-rtz-rne,8,8,10,2,2,3,4,2,-3,checked,0.0,0.0,-4,1/8
census-pos-ac-p43-rtz-rup,8,8,10,2,2,3,3,2,-3,checked,0.0,0.003997481999999941,-4,1/8
census-pos-ac-p43-rtz-rdn,8,8,10,2,2,3,3,9,0,checked,0.0,0.0,-4,9/16
census-pos-ac-p43-rtz-rtz,8,8,10,2,2,3,3,9,0,checked,0.0,0.004000125000000132,-4,9/16
census-pos-ac-p44-rne-rne,8,8,12,2,2,2,3,3,-2,checked,0.0,0.0,-4,3/16
census-pos-ac-p44-rne-rup,8,8,12,2,2,2,3,4,-2,checked,0.0,0.003999354999999927,-4,1/4
census-pos-ac-p44-rne-rdn,8,8,12,2,2,2,3,4,-2,checked,0.0,0.0,-4,1/4
census-pos-ac-p44-rne-rtz,8,8,12,2,2,2,3,4,-2,checked,0.0,0.003998653000000019,-4,1/4
census-pos-ac-p44-rup-rne,8,8,12,2,2,2,3,4,-2,checked,0.0,0.0,-4,1/4
census-pos-ac-p44-rup-rup,8,8,10,2,2,2,2,5,-1,checked,0.0,0.003999375000000249,-4,5/16
census-pos-ac-p44-rup-rdn,8,8,10,2,2,2,2,3,-2,checked,0.0,0.0,-4,3/16
census-pos-ac-p44-rup-rtz,8,8,10,2,2,2,2,3,-2,checked,0.0,0.0040009560000000555,-4,3/16
census-pos-ac-p44-rdn-rne,8,8,10,2,2,2,3,2,-3,checked,0.0,0.0,-4,1/8
census-pos-ac-p44-rdn-rup,8,8,10,2,2,2,2,2,-3,checked,0.0,0.004009158999999762,-4,1/8
census-pos-ac-p44-rdn-rdn,8,8,10,2,2,2,2,5,-1,checked,0.0,0.0,-4,5/16
census-pos-ac-p44-rdn-rtz,8,8,10,2,2,2,2,5,-1,checked,0.0,0.0,-4,5/16
census-pos-ac-p44-rtz-rne,8,8,10,2,2,2,3,2,-3,checked,0.003983310000000184,0.0,-4,1/8
census-pos-ac-p44-rtz-rup,8,8,10,2,2,2,2,2,-3,checked,0.0,0.0,-4,1/8
census-pos-ac-p44-rtz-rdn,8,8,10,2,2,2,2,5,-1,checked,0.0,0.003998052999999668,-4,5/16
census-pos-ac-p44-rtz-rtz,8,8,10,2,2,2,2,5,-1,checked,0.0,0.0,-4,5/16
census-pos-ac-p45-rne-rne,8,8,12,2,2,3,3,3,-2,checked,0.0,0.004000065000000053,-4,3/16
census-pos-ac-p45-rne-rup,8,8,12,2,2,3,3,3,-2,checked,0.0,0.0,-4,3/16
census-pos-ac-p45-rne-rdn,8,8,12,2,2,3,3,2,-3,checked,0.0,0.003999455000000207,-4,1/8
census-pos-ac-p45-rne-rtz,8,8,12,2,2,3,3,2,-3,checked,0.0,0.0,-4,1/8
census-pos-ac-p45-rup-rne,8,8,10,2,2,3,2,4,-2,checked,0.0,0.003999564999999983,-4,1/4
census-pos-ac-p45-rup-rup,8,8,10,2,2,3,2,4,-2,checked,0.0,0.0,-4,1/4
census-pos-ac-p45-rup-rdn,8,8,10,2,2,3,2,3,-2,checked,0.0,0.00400219799999979,-4,3/16
census-pos-ac-p45-rup-rtz,8,8,10,2,2,3,2,3,-2,checked,0.0,0.0,-4,3/16
census-pos-ac-p45-rdn-rne,8,8,10,2,2,3,2,2,-3,checked,0.0,0.0,-4,1/8
census-pos-ac-p45-rdn-rup,8,8,10,2,2,3,2,2,-3,checked,0.004000066000000135,0.0,-4,1/8
census-pos-ac-p45-rdn-rdn,8,8,10,2,2,3,2,3,-2,checked,0.0,0.0,-4,3/16
census-pos-ac-p45-rdn-rtz,8,8,10,2,2,3,2,3,-2,checked,0.0,0.0040046120000001295,-4,3/16
census-pos-ac-p45-rtz-rne,8,8,10,2,2,3,2,2,-3,checked,0.0,0.0,-4,1/8
census-pos-ac-p45-rtz-rup,8,8,10,2,2,3,2,2,-3,checked,0.0,0.003996619999999673,-4,1/8
census-pos-ac-p45-rtz-rdn,8,8,10,2,2,3,2,3,-2,checked,0.0,0.0,-4,3/16
census-pos-ac-p45-rtz-rtz,8,8,10,2,2,3,2,3,-2,checked,0.0,0.004001929000000182,-4,3/16
census-pos-ac-p53-rne-rne,8,8,12,2,2,3,4,2,-3,checked,0.0,0.0,-4,1/8
census-pos-ac-p53-rne-rup,8,8,12,2,2,3,3,7,-1,checked,0.0,0.0039978720000002355,-4,7/16
census-pos-ac-p53-rne-rdn,8,8,12,2,2,3,3,8,-1,checked,0.0,0.0,-4,1/2
census-pos-ac-p53-rne-rtz,8,8,12,2,2,3,3,8,-1,checked,0.0,0.0039977519999996325,-4,1/2
census-pos-ac-p53-rup-rne,8,8,12,2,2,3,4,2,-3,checked,0.0,0.0,-4,1/8
census-pos-ac-p53-rup-rup,8,8,12,2,2,3,3,8,-1,checked,0.0,0.003999384000000106,-4,1/2
census-pos-ac-p53-rup-rdn,8,8,12,2,2,3,3,7,-1,checked,0.0,0.0,-4,7/16
census-pos-ac-p53-rup-rtz,8,8,12,2,2,3,3,7,-1,checked,0.0,0.0039983930000002665,-4,7/16
census-pos-ac-p53-rdn-rne,8,8,12,2,2,3,4,2,-3,checked,0.0,0.0,-4,1/8
census-pos-ac-p53-rdn-rup,8,8,12,2,2,3,3,7,-1,checked,0.0,0.0,-4,7/16
census-pos-ac-p53-rdn-rdn,8,8,12,2,2,3,3,8,-1,checked,0.004001578000000006,0.0,-4,1/2
census-pos-ac-p53-rdn-rtz,8,8,12,2,2,3,3,8,-1,checked,0.0,0.0,-4,1/2
census-pos-ac-p53-rtz-rne,8,8,12,2,2,3,4,2,-3,checked,0.0,0.004006744999999867,-4,1/8
census-pos-ac-p53-rtz-rup,8,8,12,2,2,3,3,7,-1,checked,0.0,0.0,-4,7/16
census-pos-ac-p53-rtz-rdn,8,8,12,2,2,3,3,8,-1,checked,0.00400018599999985,0.0,-4,1/2
census-pos-ac-p53-rtz-rtz,8,8,12,2,2,3,3,8,-1,checked,0.003995709000000236,0.0,-4,1/2
census-pos-ac-p54-rne-rne,8,8,12,2,2,3,3,2,-3,checked,0.0,0.0,-4,1/8
census-pos-ac-p54-rne-rup,8,8,12,2,2,3,2,3,-2,checked,0.0,0.0039993449999999875,-4,3/16
census-pos-ac-p54-rne-rdn,8,8,12,2,2,3,2,4,-2,checked,0.0,0.0,-4,1/4
census-pos-ac-p54-rne-rtz,8,8,12,2,2,3,2,4,-2,checked,0.0,0.003999043999999952,-4,1/4
census-pos-ac-p54-rup-rne,8,8,12,2,2,3,3,2,-3,checked,0.0,0.0,-4,1/8
census-pos-ac-p54-rup-rup,8,8,12,2,2,3,2,4,-2,checked,0.0,0.004000415999999785,-4,1/4
census-pos-ac-p54-rup-rdn,8,8,12,2,2,3,2,3,-2,checked,0.0,0.0,-4,3/16
census-pos-ac-p54-rup-rtz,8,8,12,2,2,3,2,3,-2,checked,0.0,0.0039995440000000215,-4,3/16
census-pos-ac-p54-rdn-rne,8,8,12,2,2,3,3,2,-3,checked,0.0,0.0,-4,1/8
census-pos-ac-p54-rdn-rup,8,8,12,2,2,3,2,3,-2,checked,0.0,0.004001737999999921,-4,3/16
census-pos-ac-p54-rdn-rdn,8,8,12,2,2,3,2,4,-2,checked,0.0,0.0,-4,1/4
census-pos-ac-p54-rdn-rtz,8,8,12,2,2,3,2,4,-2,checked,0.0,0.0039991640000001105,-4,1/4
census-pos-ac-p54-rtz-rne,8,8,12,2,2,3,3,2,-3,checked,0.0,0.0,-4,1/8
census-pos-ac-p54-rtz-rup,8,8,12,2,2,3,2,3,-2,checked,0.0,0.004002830000000124,-4,3/16
census-pos-ac-p54-rtz-rdn,8,8,12,2,2,3,2,4,-2,checked,0.0,0.0,-4,1/4
census-pos-ac-p54-rtz-rtz,8,8,12,2,2,3,2,4,-2,checked,0.0,0.003998011999999829,-4,1/4
census-pos-ac-p55-rne-rne,8,8,12,2,2,2,2,1,-4,checked,0.0,0.0,-4,1/16
census-pos-ac-p55-rne-rup,8,8,12,2,2,2,2,1,-4,checked,0.0,0.003996349999999982,-4,1/16
census-pos-ac-p55-rne-rdn,8,8,12,2,2,2,2,2,-3,checked,0.0,0.0,-4,1/8
census-pos-ac-p55-rne-rtz,8,8,12,2,2,2,2,2,-3,checked,0.0,0.0,-4,1/8
census-pos-ac-p55-rup-rne,8,8,12,2,2,2,2,1,-4,checked,0.004001087000000236,0.0,-4,1/16
census-pos-ac-p55-rup-rup,8,8,10,2,2,2,1,2,-3,checked,0.0,0.0,-4,1/8
census-pos-ac-p55-rup-rdn,8,8,10,2,2,2,1,1,-4,checked,0.0,0.00400189899999992,-4,1/16
census-pos-ac-p55-rup-rtz,8,8,10,2,2,2,1,1,-4,checked,0.0,0.0,-4,1/16
census-pos-ac-p55-rdn-rne,8,8,12,2,2,2,2,1,-4,checked,0.0,0.003999594000000162,-4,1/16
census-pos-ac-p55-rdn-rup,8,8,10,2,2,2,1,1,-4,checked,0.0,0.0,-4,1/16
census-pos-ac-p55-rdn-rdn,8,8,10,2,2,2,1,2,-3,checked,0.0,0.00400023599999999,-4,1/8
census-pos-ac-p55-rdn-rtz,8,8,10,2,2,2,1,2,-3,checked,0.0,0.0,-4,1/8
census-pos-ac-p55-rtz-rne,8,8,12,2,2,2,2,1,-4,checked,0.0,0.00400267899999962,-4,1/16
census-pos-ac-p55-rtz-rup,8,8,10,2,2,2,1,1,-4,checked,0.0,0.0,-4,1/16
census-pos-ac-p55-rtz-rdn,8,8,10,2,2,2,1,2,-3,checked,0.0,0.003998083000000374,-4,1/8
census-pos-ac-p55-rtz-rtz,8,8,10,2,2,2,1,2,-3,checked,0.0,0.0,-4,1/8
census-pos-bc-p33-rne-rne,8,8,10,2,2,2,4,2,-3,checked,0.0,0.004001186999999629,-4,1/8
census-pos-bc-p33-rne-rup,8,8,10,2,2,2,4,9,0,checked,0.0,0.0,-4,9/16
census-pos-bc-p33-rne-rdn,8,8,10,2,2,2,4,2,-3,checked,0.0,0.003996610000000178,-4,1/8
census-pos-bc-p33-rne-rtz,8,8,10,2,2,2,4,2,-3,checked,0.0,0.0,-4,1/8
census-pos-bc-p33-rup-rne,8,8,10,2,2,2,4,2,-3,checked,0.0,0.003999185000000072,-4,1/8
census-pos-bc-p33-rup-rup,8,8,10,2,2,2,3,9,0,checked,0.0,0.0,-4,9/16
census-pos-bc-p33-rup-rdn,8,8,10,2,2,2,3,2,-3,checked,0.0,0.0,-4,1/8
census-pos-bc-p33-rup-rtz,8,8,10,2,2,2,3,2,-3,checked,0.004001718000000043,0.0,-4,1/8
census-pos-bc-p33-rdn-rne,8,8,12,2,2,2,4,8,-1,checked,0.0,0.0,-4,1/2
census-pos-bc-p33-rdn-rup,8,8,10,2,2,2,3,7,-1,checked,0.0,0.0040003149999998655,-4,7/16
census-pos-bc-p33-rdn-rdn,8,8,10,2,2,2,3,8,-1,checked,0.0,0.0,-4,1/2
census-pos-bc-p33-rdn-rtz,8,8,10,2,2,2,3,8,-1,checked,0.0,0.004000486000000247,-4,1/2
census-pos-bc-p33-rtz-rne,8,8,12,2,2,2,4,8,-1,checked,0.0,0.0,-4,1/2
census-pos-bc-p33-rtz-rup,8,8,10,2,2,2,3,7,-1,checked,0.0,0.004002599999999745,-4,7/16
census-pos-bc-p33-rtz-rdn,8,8,10,2,2,2,3,8,-1,checked,0.0,0.0,-4,1/2
census-pos-bc-p33-rtz-rtz,8,8,10,2,2,2,3,8,-1,checked,0.0,0.003999314000000087,-4,1/2
census-pos-bc-p34-rne-rne,8,8,10,2,2,3,4,2,-3,checked,0.0,0.0,-4,1/8
census-pos-bc-p34-rne-rup,8,8,10,2,2,3,4,5,-1,checked,0.0,0.003999615000000123,-4,5/16
census-pos-bc-p34-rne-rdn,8,8,10,2,2,3,4,2,-3,checked,0.0,0.0,-4,1/8
census-pos-bc-p34-rne-rtz,8,8,10,2,2,3,4,2,-3,checked,0.0,0.0,-4,1/8
census-pos-bc-p34-rup-rne,8,8,10,2,2,3,3,2,-3,checked,0.004000986999999956,0.0,-4,1/8
census-pos-bc-p34-rup-rup,8,8,10,2,2,3,3,5,-1,checked,0.0,0.0,-4,5/16
census-pos-bc-p34-rup-rdn,8,8,10,2,2,3,3,2,-3,checked,0.0,0.0039995440000000215,-4,1/8
census-pos-bc-p34-rup-rtz,8,8,10,2,2,3,3,2,-3,checked,0.0,0.0,-4,1/8
census-pos-bc-p34-rdn-rne,8,8,10,2,2,3,3,8,-1,checked,0.0,0.0039984939999997415,-4,1/2
census-pos-bc-p34-rdn-rup,8,8,10,2,2,3,3,7,-1,checked,0.0,0.0,-4,7/16
census-pos-bc-p34-rdn-rdn,8,8,10,2,2,3,3,8,-1,checked,0.0,0.003999144000000232,-4,1/2
census-pos-bc-p34-rdn-rtz,8,8,10,2,2,3,3,8,-1,checked,0.0,0.0,-4,1/2
census-pos-bc-p34-rtz-rne,8,8,10,2,2,3,3,8,-1,checked,0.0,0.003998832999999813,-4,1/2
census-pos-bc-p34-rtz-rup,8,8,10,2,2,3,3,7,-1,checked,0.0,0.0,-4,7/16
census-pos-bc-p34-rtz-rdn,8,8,10,2,2,3,3,8,-1,checked,0.0,0.003999775000000039,-4,1/2
census-pos-bc-p34-rtz-rtz,8,8,10,2,2,3,3,8,-1,checked,0.0,0.0,-4,1/2
census-pos-bc-p35-rne-rne,8,8,10,2,2,3,4,2,-3,checked,0.0,0.004002229000000135,-4,1/8
census-pos-bc-p35-rne-rup,8,8,10,2,2,3,4,3,-2,checked,0.0,0.0,-4,3/16
census-pos-bc-p35-rne-rdn,8,8,10,2,2,3,4,2,-3,checked,0.0,0.0,-4,1/8
census-pos-bc-p35-rne-rtz,8,8,10,2,2,3,4,2,-3,checked,0.004002588999999723,0.0,-4,1/8
census-pos-bc-p35-rup-rne,8,8,10,2,2,3,3,2,-3,checked,0.0,0.0,-4,1/8
census-pos-bc-p35-rup-rup,8,8,10,2,2,3,3,3,-2,checked,0.0,0.003998864000000157,-4,3/16
census-pos-bc-p35-rup-rdn,8,8,10,2,2,3,3,2,-3,checked,0.0,0.0,-4,1/8
census-pos-bc-p35-rup-rtz,8,8,10,2,2,3,3,2,-3,checked,0.0,0.003998213000000028,-4,1/8
census-pos-bc-p35-rdn-rne,8,8,10,2,2,3,3,8,-1,checked,0.0,0.0,-4,1/2
census-pos-bc-p35-rdn-rup,8,8,10,2,2,3,3,7,-1,checked,0.0,0.004001496999999965,-4,7/16
census-pos-bc-p35-rdn-rdn,8,8,10,2,2,3,3,8,-1,checked,0.0,0.0,-4,1/2
census-pos-bc-p35-rdn-rtz,8,8,10,2,2,3,3,8,-1,checked,0.0,0.003998092999999869,-4,1/2
census-pos-bc-p35-rtz-rne,8,8,10,2,2,3,3,8,-1,checked,0.0,0.0,-4,1/2
census-pos-bc-p35-rtz-rup,8,8,10,2,2,3,3,7,-1,checked,0.0,0.004000165999999972,-4,7/16
census-pos-bc-p35-rtz-rdn,8,8,10,2,2,3,3,8,-1,checked,0.0,0.0,-4,1/2
census-pos-bc-p35-rtz-rtz,8,8,10,2,2,3,3,8,-1,checked,0.0,0.003999074000000213,-4,1/2
census-pos-bc-p43-rne-rne,8,8,10,2,2,3,4,2,-3,checked,0.0,0.0,-4,1/8
census-pos-bc-p43-rne-rup,8,8,10,2,2,3,3,9,0,checked,0.0,0.004005232999999997,-4,9/16
census-pos-bc-p43-rne-rdn,8,8,10,2,2,3,3,2,-3,checked,0.0,0.0,-4,1/8
census-pos-bc-p43-rne-rtz,8,8,10,2,2,3,3,2,-3,checked,0.0,0.003998512999999981,-4,1/8
census-pos-bc-p43-rup-rne,8,8,10,2,2,3,4,2,-3,checked,0.0,0.0,-4,1/8
census-pos-bc-p43-rup-rup,8,8,10,2,2,3,3,9,0,checked,0.0,0.0,-4,9/16
census-pos-bc-p43-rup-rdn,8,8,10,2,2,3,3,2,-3,checked,0.003998923999999793,0.0,-4,1/8
census-pos-bc-p43-rup-rtz,8,8,10,2,2,3,3,2,-3,checked,0.0,0.0,-4,1/8
census-pos-bc-p43-rdn-rne,8,8,12,2,2,3,4,7,-1,checked,0.0039980420000000905,0.0,-4,7/16
census-pos-bc-p43-rdn-rup,8,8,12,2,2,3,3,7,-1,checked,0.0,0.0,-4,7/16
census-pos-bc-p43-rdn-rdn,8,8,12,2,2,3,3,8,-1,checked,0.004000797000000222,0.0,-4,1/2
census-pos-bc-p43-rdn-rtz,8,8,12,2,2,3,3,8,-1,checked,0.0,0.0,-4,1/2
census-pos-bc-p43-rtz-rne,8,8,12,2,2,3,4,7,-1,checked,0.0,0.003998943999999671,-4,7/16
census-pos-bc-p43-rtz-rup,8,8,12,2,2,3,3,7,-1,checked,0.0,0.0,-4,7/16
census-pos-bc-p43-rtz-rdn,8,8,12,2,2,3,3,8,-1,checked,0.0,0.004002058000000197,-4,1/2
census-pos-bc-p43-rtz-rtz,8,8,12,2,2,3,3,8,-1,checked,0.0,0.0,-4,1/2
census-pos-bc-p44-rne-rne,8,8,10,2,2,2,3,2,-3,checked,0.0,0.003999304000000148,-4,1/8
census-pos-bc-p44-rne-rup,8,8,10,2,2,2,3,5,-1,checked,0.0,0.0,-4,5/16
census-pos-bc-p44-rne-rdn,8,8,10,2,2,2,3,2,-3,checked,0.0,0.00400411200000006,-4,1/8
census-pos-bc-p44-rne-rtz,8,8,10,2,2,2,3,2,-3,checked,0.0,0.0,-4,1/8
census-pos-bc-p44-rup-rne,8,8,10,2,2,2,3,2,-3,checked,0.0,0.003999824999999735,-4,1/8
census-pos-bc-p44-rup-rup,8,8,10,2,2,2,2,5,-1,checked,0.0,0.0,-4,5/16
census-pos-bc-p44-rup-rdn,8,8,10,2,2,2,2,2,-3,checked,0.0,0.0039942769999998795,-4,1/8
census-pos-bc-p44-rup-rtz,8,8,10,2,2,2,2,2,-3,checked,0.0,0.0,-4,1/8
census-pos-bc-p44-rdn-rne,8,8,12,2,2,2,3,4,-2,checked,0.0,0.0,-4,1/4
census-pos-bc-p44-rdn-rup,8,8,10,2,2,2,2,3,-2,checked,0.004001808000000384,0.0,-4,3/16
census-pos-bc-p44-rdn-rdn,8,8,10,2,2,2,2,4,-2,checked,0.0,0.0,-4,1/4
census-pos-bc-p44-rdn-rtz,8,8,10,2,2,2,2,4,-2,checked,0.0,0.004000715999999738,-4,1/4
census-pos-bc-p44-rtz-rne,8,8,12,2,2,2,3,4,-2,checked,0.0,0.0,-4,1/4
census-pos-bc-p44-rtz-rup,8,8,10,2,2,2,2,3,-2,checked,0.0,0.004000086000000014,-4,3/16
census-pos-bc-p44-rtz-rdn,8,8,10,2,2,2,2,4,-2,checked,0.0,0.0,-4,1/4
census-pos-bc-p44-rtz-rtz,8,8,10,2,2,2,2,4,-2,checked,0.0,0.004000376000000028,-4,1/4
census-pos-bc-p45-rne-rne,8,8,10,2,2,3,3,2,-3,checked,0.0,0.0,-4,1/8
census-pos-bc-p45-rne-rup,8,8,10,2,2,3,3,3,-2,checked,0.0,0.0039983129999998646,-4,3/16
census-pos-bc-p45-rne-rdn,8,8,10,2,2,3,3,2,-3,checked,0.0,0.0,-4,1/8
census-pos-bc-p45-rne-rtz,8,8,10,2,2,3,3,2,-3,checked,0.0,0.004001758000000244,-4,1/8
census-pos-bc-p45-rup-rne,8,8,10,2,2,3,2,2,-3,checked,0.0,0.0,-4,1/8
census-pos-bc-p45-rup-rup,8,8,10,2,2,3,2,3,-2,checked,0.0,0.003999384000000106,-4,3/16
census-pos-bc-p45-rup-rdn,8,8,10,2,2,3,2,2,-3,checked,0.0,0.0,-4,1/8
census-pos-bc-p45-rup-rtz,8,8,10,2,2,3,2,2,-3,checked,0.0,0.003998542999999799,-4,1/8
census-pos-bc-p45-rdn-rne,8,8,10,2,2,3,2,4,-2,checked,0.0,0.0,-4,1/4
census-pos-bc-p45-rdn-rup,8,8,10,2,2,3,2,3,-2,checked,0.0,0.0,-4,3/16
census-pos-bc-p45-rdn-rdn,8,8,10,2,2,3,2,4,-2,checked,0.004000817000000101,0.0,-4,1/4
census-pos-bc-p45-rdn-rtz,8,8,10,2,2,3,2,4,-2,checked,0.0,0.0,-4,1/4
census-pos-bc-p45-rtz-rne,8,8,10,2,2,3,2,4,-2,checked,0.003999464999999702,0.0,-4,1/4
census-pos-bc-p45-rtz-rup,8,8,10,2,2,3,2,3,-2,checked,0.0,0.0,-4,3/16
census-pos-bc-p45-rtz-rdn,8,8,10,2,2,3,2,4,-2,checked,0.0,0.004001287000000353,-4,1/4
census-pos-bc-p45-rtz-rtz,8,8,10,2,2,3,2,4,-2,checked,0.0,0.0,-4,1/4
census-pos-bc-p53-rne-rne,8,8,12,2,2,3,4,2,-3,checked,0.0,0.004000765999999878,-4,1/8
census-pos-bc-p53-rne-rup,8,8,12,2,2,3,3,8,-1,checked,0.0,0.0,-4,1/2
census-pos-bc-p53-rne-rdn,8,8,12,2,2,3,3,7,-1,checked,0.0,0.00399906399999983,-4,7/16
census-pos-bc-p53-rne-rtz,8,8,12,2,2,3,3,7,-1,checked,0.0,0.0,-4,7/16
census-pos-bc-p53-rup-rne,8,8,12,2,2,3,4,2,-3,checked,0.0,0.00400259000000025,-4,1/8
census-pos-bc-p53-rup-rup,8,8,12,2,2,3,3,8,-1,checked,0.0,0.0,-4,1/2
census-pos-bc-p53-rup-rdn,8,8,12,2,2,3,3,7,-1,checked,0.0,0.003999403999999984,-4,7/16
census-pos-bc-p53-rup-rtz,8,8,12,2,2,3,3,7,-1,checked,0.0,0.0,-4,7/16
census-pos-bc-p53-rdn-rne,8,8,12,2,2,3,4,2,-3,checked,0.0,0.003996941000000032,-4,1/8
census-pos-bc-p53-rdn-rup,8,8,12,2,2,3,3,7,-1,checked,0.0,0.0,-4,7/16
census-pos-bc-p53-rdn-rdn,8,8,12,2,2,3,3,8,-1,checked,0.0,0.004004482000000031,-4,1/2
census-pos-bc-p53-rdn-rtz,8,8,12,2,2,3,3,8,-1,checked,0.0,0.0,-4,1/2
census-pos-bc-p53-rtz-rne,8,8,12,2,2,3,4,2,-3,checked,0.0039967709999997325,0.0,-4,1/8
census-pos-bc-p53-rtz-rup,8,8,12,2,2,3,3,7,-1,checked,0.0,0.003999294000000209,-4,7/16
census-pos-bc-p53-rtz-rdn,8,8,12,2,2,3,3,8,-1,checked,0.0,0.0,-4,1/2
census-pos-bc-p53-rtz-rtz,8,8,12,2,2,3,3,8,-1,checked,0.0,0.003999444000000185,-4,1/2
census-pos-bc-p54-rne-rne,8,8,12,2,2,3,3,2,-3,checked,0.0,0.0,-4,1/8
census-pos-bc-p54-rne-rup,8,8,12,2,2,3,2,4,-2,checked,0.0,0.004005664000000131,-4,1/4
census-pos-bc-p54-rne-rdn,8,8,12,2,2,3,2,3,-2,checked,0.0,0.0,-4,3/16
census-pos-bc-p54-rne-rtz,8,8,12,2,2,3,2,3,-2,checked,0.0,0.004000976999999573,-4,3/16
census-pos-bc-p54-rup-rne,8,8,12,2,2,3,3,2,-3,checked,0.0,0.0,-4,1/8
census-pos-bc-p54-rup-rup,8,8,12,2,2,3,2,4,-2,checked,0.004324988999999668,0.0,-4,1/4
census-pos-bc-p54-rup-rdn,8,8,12,2,2,3,2,3,-2,checked,0.0,0.0036672800000001615,-4,3/16
census-pos-bc-p54-rup-rtz,8,8,12,2,2,3,2,3,-2,checked,0.0,0.0,-4,3/16
census-pos-bc-p54-rdn-rne,8,8,12,2,2,3,3,2,-3,checked,0.0,0.004003120000000138,-4,1/8
census-pos-bc-p54-rdn-rup,8,8,12,2,2,3,2,3,-2,checked,0.0,0.0,-4,3/16
census-pos-bc-p54-rdn-rdn,8,8,12,2,2,3,2,4,-2,checked,0.0,0.003997732000000198,-4,1/4
census-pos-bc-p54-rdn-rtz,8,8,12,2,2,3,2,4,-2,checked,0.0,0.0,-4,1/4
census-pos-bc-p54-rtz-rne,8,8,12,2,2,3,3,2,-3,checked,0.0,0.004002389000000051,-4,1/8
census-pos-bc-p54-rtz-rup,8,8,12,2,2,3,2,3,-2,checked,0.0,0.0,-4,3/16
census-pos-bc-p54-rtz-rdn,8,8,12,2,2,3,2,4,-2,checked,0.0,0.004001517999999926,-4,1/4
census-pos-bc-p54-rtz-rtz,8,8,12,2,2,3,2,4,-2,checked,0.0,0.0,-4,1/4
census-pos-bc-p55-rne-rne,8,8,12,2,2,2,2,1,-4,checked,0.00400262899999948,0.0,-4,1/16
census-pos-bc-p55-rne-rup,8,8,12,2,2,2,2,2,-3,checked,0.0,0.003998944000000115,-4,1/8
census-pos-bc-p55-rne-rdn,8,8,12,2,2,2,2,1,-4,checked,0.0,0.0,-4,1/16
census-pos-bc-p55-rne-rtz,8,8,12,2,2,2,2,1,-4,checked,0.0,0.004077471000000443,-4,1/16
census-pos-bc-p55-rup-rne,8,8,12,2,2,2,2,1,-4,checked,0.0,0.0,-4,1/16
census-pos-bc-p55-rup-rup,8,8,10,2,2,2,1,2,-3,checked,0.0,0.003920225999999971,-4,1/8
census-pos-bc-p55-rup-rdn,8,8,10,2,2,2,1,1,-4,checked,0.0,0.0,-4,1/16
census-pos-bc-p55-rup-rtz,8,8,10,2,2,2,1,1,-4,checked,0.003998433999999662,0.0,-4,1/16
census-pos-bc-p55-rdn-rne,8,8,12,2,2,2,2,1,-4,checked,0.0,0.0,-4,1/16
census-pos-bc-p55-rdn-rup,8,8,10,2,2,2,1,1,-4,checked,0.0,0.004001237000000657,-4,1/16
census-pos-bc-p55-rdn-rdn,8,8,10,2,2,2,1,2,-3,checked,0.0,0.0,-4,1/8
census-pos-bc-p55-rdn-rtz,8,8,10,2,2,2,1,2,-3,checked,0.004409744999999354,0.0,-4,1/8
census-pos-bc-p55-rtz-rne,8,8,12,2,2,2,2,1,-4,checked,0.0,0.003590825999999936,-4,1/16
census-pos-bc-p55-rtz-rup,8,8,10,2,2,2,1,1,-4,checked,0.0,0.0,-4,1/16
census-pos-bc-p55-rtz-rdn,8,8,10,2,2,2,1,2,-3,checked,0.0,0.004000146000000093,-4,1/8
census-pos-bc-p55-rtz-rtz,8,8,10,2,2,2,1,2,-3,checked,0.0,0.0,-4,1/8
census-neg-ab-p33-rne-rne,8,8,10,2,2,2,4,8,-1,checked,0.0,0.004005223000000058,-4,1/2
census-neg-ab-p33-rne-rup,8,8,10,2,2,2,4,9,0,checked,0.0,0.0,-4,9/16
census-neg-ab-p33-rne-rdn,8,8,10,2,2,2,4,2,-3,checked,0.0,0.003995097999999864,-4,1/8
census-neg-ab-p33-rne-rtz,8,8,10,2,2,2,4,9,0,checked,0.0,0.003995459000000423,-4,9/16
census-neg-ab-p33-rup-rne,8,8,10,2,2,2,4,8,-1,checked,0.0,0.0,-4,1/2
census-neg-ab-p33-rup-rup,8,8,10,2,2,2,3,9,0,checked,0.0,0.004000105000000254,-4,9/16
census-neg-ab-p33-rup-rdn,8,8,10,2,2,2,3,2,-3,checked,0.0,0.0,-4,1/8
census-neg-ab-p33-rup-rtz,8,8,10,2,2,2,3,9,0,checked,0.0,0.004003780999999762,-4,9/16
census-neg-ab-p33-rdn-rne,8,8,10,2,2,2,4,10,0,checked,0.0,0.0,-4,5/8
census-neg-ab-p33-rdn-rup,8,8,10,2,2,2,3,2,-3,checked,0.0,0.003998203000000089,-4,1/8
census-neg-ab-p33-rdn-rdn,8,8,10,2,2,2,3,10,0,checked,0.0,0.0,-4,5/8
census-neg-ab-p33-rdn-rtz,8,8,10,2,2,2,3,2,-3,checked,0.004003790999999701,0.0,-4,1/8
census-neg-ab-p33-rtz-rne,8,8,10,2,2,2,4,8,-1,checked,0.0,0.0039989540000000545,-4,1/2
census-neg-ab-p33-rtz-rup,8,8,10,2,2,2,3,9,0,checked,0.0,0.0,-4,9/16
census-neg-ab-p33-rtz-rdn,8,8,10,2,2,2,3,2,-3,checked,0.0,0.003998022000000212,-4,1/8
census-neg-ab-p33-rtz-rtz,8,8,10,2,2,2,3,9,0,checked,0.0,0.0,-4,9/16
census-neg-ab-p34-rne-rne,8,8,10,2,2,3,4,5,-1,checked,0.0,0.004002048999999452,-4,5/16
census-neg-ab-p34-rne-rup,8,8,10,2,2,3,4,5,-1,checked,0.0,0.0,-4,5/16
census-neg-ab-p34-rne-rdn,8,8,10,2,2,3,4,4,-2,checked,0.0,0.003999444000000629,-4,1/4
census-neg-ab-p34-rne-rtz,8,8,10,2,2,3,4,5,-1,checked,0.0,0.00399960499999974,-4,5/16
census-neg-ab-p34-rup-rne,8,8,10,2,2,3,3,5,-1,checked,0.0,0.0,-4,5/16
census-neg-ab-p34-rup-rup,8,8,10,2,2,3,3,5,-1,checked,0.0,0.00399911399999997,-4,5/16
census-neg-ab-p34-rup-rdn,8,8,10,2,2,3,3,4,-2,checked,0.0,0.0,-4,1/4
census-neg-ab-p34-rup-rtz,8,8,10,2,2,3,3,5,-1,checked,0.0,0.004003520999999566,-4,5/16
census-neg-ab-p34-rdn-rne,8,8,10,2,2,3,3,6,-1,checked,0.0,0.0,-4,3/8
census-neg-ab-p34-rdn-rup,8,8,10,2,2,3,3,6,-1,checked,0.003999725000000787,0.0,-4,3/8
census-neg-ab-p34-rdn-rdn,8,8,10,2,2,3,3,9,0,checked,0.0,0.004001286999999465,-4,9/16
census-neg-ab-p34-rdn-rtz,8,8,10,2,2,3,3,6,-1,checked,0.0,0.0,-4,3/8
census-neg-ab-p34-rtz-rne,8,8,10,2,2,3,3,5,-1,checked,0.0,0.0040029800000001,-4,5/16
census-neg-ab-p34-rtz-rup,8,8,10,2,2,3,3,5,-1,checked,0.0,0.003990862000000206,-4,5/16
census-neg-ab-p34-rtz-rdn,8,8,10,2,2,3,3,4,-2,checked,0.0,0.0,-4,1/4
census-neg-ab-p34-rtz-rtz,8,8,10,2,2,3,3,5,-1,checked,0.0,0.0039987329999995325,-4,5/16
census-neg-ab-p35-rne-rne,8,8,10,2,2,3,4,5,-1,checked,0.0,0.0,-4,5/16
census-neg-ab-p35-rne-rup,8,8,10,2,2,3,4,5,-1,checked,0.0,0.004000897000000059,-4,5/16
census-neg-ab-p35-rne-rdn,8,8,10,2,2,3,4,4,-2,checked,0.0,0.0040002360000004344,-4,1/4
census-neg-ab-p35-rne-rtz,8,8,10,2,2,3,4,5,-1,checked,0.0,0.0,-4,5/16
census-neg-ab-p35-rup-rne,8,8,10,2,2,3,3,5,-1,checked,0.0,0.003999603999999657,-4,5/16
census-neg-ab-p35-rup-rup,8,8,10,2,2,3,3,5,-1,checked,0.0,0.0,-4,5/16
census-neg-ab-p35-rup-rdn,8,8,10,2,2,3,3,4,-2,checked,0.0,0.0040010569999999746,-4,1/4
census-neg-ab-p35-rup-rtz,8,8,10,2,2,3,3,5,-1,checked,0.0,0.0,-4,5/16
census-neg-ab-p35-rdn-rne,8,8,10,2,2,3,3,6,-1,checked,0.0,0.004002569999999928,-4,3/8
census-neg-ab-p35-rdn-rup,8,8,10,2,2,3,3,6,-1,checked,0.0,0.0,-4,3/8
census-neg-ab-p35-rdn-rdn,8,8,10,2,2,3,3,7,-1,checked,0.0,0.003999504000000265,-4,7/16
census-neg-ab-p35-rdn-rtz,8,8,10,2,2,3,3,6,-1,checked,0.0,0.0,-4,3/8
census-neg-ab-p35-rtz-rne,8,8,10,2,2,3,3,5,-1,checked,0.0,0.003996951000000415,-4,5/16
census-neg-ab-p35-rtz-rup,8,8,10,2,2,3,3,5,-1,checked,0.0,0.0,-4,5/16
census-neg-ab-p35-rtz-rdn,8,8,10,2,2,3,3,4,-2,checked,0.004001687999999781,0.0,-4,1/4
census-neg-ab-p35-rtz-rtz,8,8,10,2,2,3,3,5,-1,checked,0.0,0.0,-4,5/16
census-neg-ab-p43-rne-rne,8,8,12,2,2,3,4,6,-1,checked,0.003999954999999389,0.0,-4,3/8
census-neg-ab-p43-rne-rup,8,8,12,2,2,3,3,7,-1,checked,0.0,0.0,-4,7/16
census-neg-ab-p43-rne-rdn,8,8,12,2,2,3,3,8,-1,checked,0.003999485000000469,0.0,-4,1/2
census-neg-ab-p43-rne-rtz,8,8,12,2,2,3,3,7,-1,checked,0.0,0.0,-4,7/16
census-neg-ab-p43-rup-rne,8,8,12,2,2,3,4,7,-1,checked,0.004006644999999587,0.0,-4,7/16
census-neg-ab-p43-rup-rup,8,8,12,2,2,3,3,8,-1,checked,0.0,0.0,-4,1/2
census-neg-ab-p43-rup-rdn,8,8,12,2,2,3,3,7,-1,checked,0.0039940570000007725,0.0,-4,7/16
census-neg-ab-p43-rup-rtz,8,8,12,2,2,3,3,8,-1,checked,0.0,0.0,-4,1/2
census-neg-ab-p43-rdn-rne,8,8,10,2,2,3,4,2,-3,checked,0.00400484199999962,0.0,-4,1/8
census-neg-ab-p43-rdn-rup,8,8,10,2,2,3,3,2,-3,checked,0.003997432000000245,0.0,-4,1/8
census-neg-ab-p43-rdn-rdn,8,8,10,2,2,3,3,9,0,checked,0.0,0.0,-4,9/16
census-neg-ab-p43-rdn-rtz,8,8,10,2,2,3,3,2,-3,checked,0.003999313999999643,0.0,-4,1/8
census-neg-ab-p43-rtz-rne,8,8,12,2,2,3,4,7,-1,checked,0.0,0.0,-4,7/16
census-neg-ab-p43-rtz-rup,8,8,12,2,2,3,3,8,-1,checked,0.004000345999999766,0.0,-4,1/2
census-neg-ab-p43-rtz-rdn,8,8,12,2,2,3,3,7,-1,checked,0.0,0.0,-4,7/16
census-neg-ab-p43-rtz-rtz,8,8,12,2,2,3,3,8,-1,checked,0.0,0.003999345000000432,-4,1/2
census-neg-ab-p44-rne-rne,8,8,12,2,2,2,3,3,-2,checked,0.0,0.0,-4,3/16
census-neg-ab-p44-rne-rup,8,8,12,2,2,2,3,3,-2,checked,0.0,0.004000515999999621,-4,3/16
census-neg-ab-p44-rne-rdn,8,8,12,2,2,2,3,4,-2,checked,0.0,0.0,-4,1/4
census-neg-ab-p44-rne-rtz,8,8,12,2,2,2,3,3,-2,checked,0.0,0.004002539000000027,-4,3/16
census-neg-ab-p44-rup-rne,8,8,12,2,2,2,3,4,-2,checked,0.0,0.0,-4,1/4
census-neg-ab-p44-rup-rup,8,8,10,2,2,2,2,4,-2,checked,0.0,0.003999064000000274,-4,1/4
census-neg-ab-p44-rup-rdn,8,8,10,2,2,2,2,3,-2,checked,0.0,0.0,-4,3/16
census-neg-ab-p44-rup-rtz,8,8,10,2,2,2,2,4,-2,checked,0.0,0.004004801999999863,-4,1/4
census-neg-ab-p44-rdn-rne,8,8,10,2,2,2,3,2,-3,checked,0.0,0.0,-4,1/8
census-neg-ab-p44-rdn-rup,8,8,10,2,2,2,2,2,-3,checked,0.0,0.003998232999999907,-4,1/8
census-neg-ab-p44-rdn-rdn,8,8,10,2,2,2,2,5,-1,checked,0.0,0.0,-4,5/16
census-neg-ab-p44-rdn-rtz,8,8,10,2,2,2,2,2,-3,checked,0.0,0.003995589000000521,-4,1/8
census-neg-ab-p44-rtz-rne,8,8,12,2,2,2,3,4,-2,checked,0.0,0.0,-4,1/4
census-neg-ab-p44-rtz-rup,8,8,10,2,2,2,2,4,-2,checked,0.0,0.00400008599999957,-4,1/4
census-neg-ab-p44-rtz-rdn,8,8,10,2,2,2,2,3,-2,checked,0.0,0.0,-4,3/16
census-neg-ab-p44-rtz-rtz,8,8,10,2,2,2,2,4,-2,checked,0.0,0.0039986430000000794,-4,1/4
census-neg-ab-p45-rne-rne,8,8,12,2,2,3,3,3,-2,checked,0.0,0.0,-4,3/16
census-neg-ab-p45-rne-rup,8,8,12,2,2,3,3,3,-2,checked,0.0,0.003999685000000142,-4,3/16
census-neg-ab-p45-rne-rdn,8,8,12,2,2,3,3,2,-3,checked,0.0,0.0,-4,1/8
census-neg-ab-p45-rne-rtz,8,8,12,2,2,3,3,3,-2,checked,0.0,0.003999483999999498,-4,3/16
census-neg-ab-p45-rup-rne,8,8,10,2,2,3,2,4,-2,checked,0.0,0.0,-4,1/4
census-neg-ab-p45-rup-rup,8,8,10,2,2,3,2,4,-2,checked,0.0,0.0039995550000000435,-4,1/4
census-neg-ab-p45-rup-rdn,8,8,10,2,2,3,2,3,-2,checked,0.0,0.0,-4,3/16
census-neg-ab-p45-rup-rtz,8,8,10,2,2,3,2,4,-2,checked,0.0,0.0040041920000000175,-4,1/4
census-neg-ab-p45-rdn-rne,8,8,10,2,2,3,2,2,-3,checked,0.0,0.0,-4,1/8
census-neg-ab-p45-rdn-rup,8,8,10,2,2,3,2,2,-3,checked,0.0,0.003996710000000014,-4,1/8
census-neg-ab-p45-rdn-rdn,8,8,10,2,2,3,2,3,-2,checked,0.0,0.0,-4,3/16
census-neg-ab-p45-rdn-rtz,8,8,10,2,2,3,2,2,-3,checked,0.0,0.00399926500000003,-4,1/8
census-neg-ab-p45-rtz-rne,8,8,10,2,2,3,2,4,-2,checked,0.0,0.0,-4,1/4
census-neg-ab-p45-rtz-rup,8,8,10,2,2,3,2,4,-2,checked,0.0,0.004000205000000534,-4,1/4
census-neg-ab-p45-rtz-rdn,8,8,10,2,2,3,2,3,-2,checked,0.0,0.0,-4,3/16
census-neg-ab-p45-rtz-rtz,8,8,10,2,2,3,2,4,-2,checked,0.0,0.0,-4,1/4
census-neg-ab-p53-rne-rne,8,8,12,2,2,3,4,2,-3,checked,0.004001377999999889,0.0,-4,1/8
census-neg-ab-p53-rne-rup,8,8,12,2,2,3,3,7,-1,checked,0.0,0.0,-4,7/16
census-neg-ab-p53-rne-rdn,8,8,12,2,2,3,3,8,-1,checked,0.004000054999999669,0.0,-4,1/2
census-neg-ab-p53-rne-rtz,8,8,12,2,2,3,3,7,-1,checked,0.0,0.0,-4,7/16
census-neg-ab-p53-rup-rne,8,8,12,2,2,3,4,2,-3,checked,0.004001117000000498,0.0,-4,1/8
census-neg-ab-p53-rup-rup,8,8,12,2,2,3,3,8,-1,checked,0.0,0.0,-4,1/2
census-neg-ab-p53-rup-rdn,8,8,12,2,2,3,3,7,-1,checked,0.0,0.004001146999999428,-4,7/16
census-neg-ab-p53-rup-rtz,8,8,12,2,2,3,3,8,-1,checked,0.0,0.0,-4,1/2
census-neg-ab-p53-rdn-rne,8,8,12,2,2,3,4,2,-3,checked,0.0,0.004005143000000544,-4,1/8
census-neg-ab-p53-rdn-rup,8,8,12,2,2,3,3,7,-1,checked,0.0,0.0,-4,7/16
census-neg-ab-p53-rdn-rdn,8,8,12,2,2,3,3,8,-1,checked,0.0,0.003997913000000075,-4,1/2
census-neg-ab-p53-rdn-rtz,8,8,12,2,2,3,3,7,-1,checked,0.0,0.0,-4,7/16
census-neg-ab-p53-rtz-rne,8,8,12,2,2,3,4,2,-3,checked,0.0,0.003997902000000053,-4,1/8
census-neg-ab-p53-rtz-rup,8,8,12,2,2,3,3,8,-1,checked,0.0,0.0,-4,1/2
census-neg-ab-p53-rtz-rdn,8,8,12,2,2,3,3,7,-1,checked,0.0,0.003998622999999313,-4,7/16
census-neg-ab-p53-rtz-rtz,8,8,12,2,2,3,3,8,-1,checked,0.0,0.0,-4,1/2
census-neg-ab-p54-rne-rne,8,8,12,2,2,3,3,2,-3,checked,0.0,0.003999854999999997,-4,1/8
census-neg-ab-p54-rne-rup,8,8,12,2,2,3,2,3,-2,checked,0.0,0.0,-4,3/16
census-neg-ab-p54-rne-rdn,8,8,12,2,2,3,2,4,-2,checked,0.0,0.00399936500000031,-4,1/4
census-neg-ab-p54-rne-rtz,8,8,12,2,2,3,2,3,-2,checked,0.0,0.0,-4,3/16
census-neg-ab-p54-rup-rne,8,8,12,2,2,3,3,2,-3,checked,0.0,0.004000306000000009,-4,1/8
census-neg-ab-p54-rup-rup,8,8,12,2,2,3,2,4,-2,checked,0.0,0.0,-4,1/4
census-neg-ab-p54-rup-rdn,8,8,12,2,2,3,2,3,-2,checked,0.0,0.004004090999999654,-4,3/16
census-neg-ab-p54-rup-rtz,8,8,12,2,2,3,2,4,-2,checked,0.0,0.0,-4,1/4
census-neg-ab-p54-rdn-rne,8,8,12,2,2,3,3,2,-3,checked,0.0,0.0039982630000006125,-4,1/8
census-neg-ab-p54-rdn-rup,8,8,12,2,2,3,2,3,-2,checked,0.0,0.0,-4,3/16
census-neg-ab-p54-rdn-rdn,8,8,12,2,2,3,2,4,-2,checked,0.0,0.003997410999999396,-4,1/4
census-neg-ab-p54-rdn-rtz,8,8,12,2,2,3,2,3,-2,checked,0.0,0.0,-4,3/16
census-neg-ab-p54-rtz-rne,8,8,12,2,2,3,3,2,-3,checked,0.0,0.00399785300000044,-4,1/8
census-neg-ab-p54-rtz-rup,8,8,12,2,2,3,2,4,-2,checked,0.0,0.0,-4,1/4
census-neg-ab-p54-rtz-rdn,8,8,12,2,2,3,2,3,-2,checked,0.0,0.004003950999999617,-4,3/16
census-neg-ab-p54-rtz-rtz,8,8,12,2,2,3,2,4,-2,checked,0.0,0.0,-4,1/4
census-neg-ab-p55-rne-rne,8,8,12,2,2,2,2,1,-4,checked,0.0,0.003997592000000161,-4,1/16
census-neg-ab-p55-rne-rup,8,8,12,2,2,2,2,1,-4,checked,0.0,0.0,-4,1/16
census-neg-ab-p55-rne-rdn,8,8,12,2,2,2,2,2,-3,checked,0.0,0.003999935000000399,-4,1/8
census-neg-ab-p55-rne-rtz,8,8,12,2,2,2,2,1,-4,checked,0.0,0.0,-4,1/16
census-neg-ab-p55-rup-rne,8,8,12,2,2,2,2,1,-4,checked,0.0,0.004000235999999546,-4,1/16
census-neg-ab-p55-rup-rup,8,8,10,2,2,2,1,2,-3,checked,0.0,0.0,-4,1/8
census-neg-ab-p55-rup-rdn,8,8,10,2,2,2,1,1,-4,checked,0.0,0.004001386999999745,-4,1/16
census-neg-ab-p55-rup-rtz,8,8,10,2,2,2,1,2,-3,checked,0.0,0.0,-4,1/8
census-neg-ab-p55-rdn-rne,8,8,12,2,2,2,2,1,-4,checked,0.0,0.003999965000000216,-4,1/16
census-neg-ab-p55-rdn-rup,8,8,10,2,2,2,1,1,-4,checked,0.0,0.0,-4,1/16
census-neg-ab-p55-rdn-rdn,8,8,10,2,2,2,1,2,-3,checked,0.0,0.003997432000000245,-4,1/8
census-neg-ab-p55-rdn-rtz,8,8,10,2,2,2,1,1,-4,checked,0.0,0.0,-4,1/16
census-neg-ab-p55-rtz-rne,8,8,12,2,2,2,2,1,-4,checked,0.0,0.004000286000000131,-4,1/16
census-neg-ab-p55-rtz-rup,8,8,10,2,2,2,1,2,-3,checked,0.0,0.0,-4,1/8
census-neg-ab-p55-rtz-rdn,8,8,10,2,2,2,1,1,-4,checked,0.0,0.004002007999999613,-4,1/16
census-neg-ab-p55-rtz-rtz,8,8,10,2,2,2,1,2,-3,checked,0.0,0.0,-4,1/8
census-neg-ac-p33-rne-rne,8,8,12,2,2,2,4,7,-1,checked,0.0,0.003998053000000112,-4,7/16
census-neg-ac-p33-rne-rup,8,8,12,2,2,2,4,7,-1,checked,0.0,0.0,-4,7/16
census-neg-ac-p33-rne-rdn,8,8,12,2,2,2,4,9,0,checked,0.0,0.004001748000000305,-4,9/16
census-neg-ac-p33-rne-rtz,8,8,12,2,2,2,4,7,-1,checked,0.0,0.0,-4,7/16
census-neg-ac-p33-rup-rne,8,8,10,2,2,2,4,9,0,checked,0.0,0.0040042209999997525,-4,9/16
census-neg-ac-p33-rup-rup,8,8,10,2,2,2,3,9,0,checked,0.0,0.0,-4,9/16
census-neg-ac-p33-rup-rdn,8,8,10,2,2,2,3,2,-3,checked,0.0,0.003996179999999683,-4,1/8
census-neg-ac-p33-rup-rtz,8,8,10,2,2,2,3,9,0,checked,0.0,0.0,-4,9/16
census-neg-ac-p33-rdn-rne,8,8,10,2,2,2,4,2,-3,checked,0.0,0.0040000660000005794,-4,1/8
census-neg-ac-p33-rdn-rup,8,8,10,2,2,2,3,2,-3,checked,0.0,0.0,-4,1/8
census-neg-ac-p33-rdn-rdn,8,8,10,2,2,2,3,10,0,checked,0.0,0.004001337000000049,-4,5/8
census-neg-ac-p33-rdn-rtz,8,8,10,2,2,2,3,2,-3,checked,0.0,0.0,-4,1/8
census-neg-ac-p33-rtz-rne,8,8,10,2,2,2,4,9,0,checked,0.0,0.00399735099999976,-4,9/16
census-neg-ac-p33-rtz-rup,8,8,10,2,2,2,3,9,0,checked,0.0,0.0,-4,9/16
census-neg-ac-p33-rtz-rdn,8,8,10,2,2,2,3,2,-3,checked,0.0,0.003999675000000202,-4,1/8
census-neg-ac-p33-rtz-rtz,8,8,10,2,2,2,3,9,0,checked,0.0,0.0,-4,9/16
census-neg-ac-p34-rne-rne,8,8,12,2,2,3,4,6,-1,checked,0.0,0.003999104000000031,-4,3/8
census-neg-ac-p34-rne-rup,8,8,12,2,2,3,4,7,-1,checked,0.0,0.0,-4,7/16
census-neg-ac-p34-rne-rdn,8,8,12,2,2,3,4,5,-1,checked,0.0,0.004001567999999622,-4,5/16
census-neg-ac-p34-rne-rtz,8,8,12,2,2,3,4,7,-1,checked,0.0,0.0,-4,7/16
census-neg-ac-p34-rup-rne,8,8,10,2,2,3,3,8,-1,checked,0.0,0.003998503000000042,-4,1/2
census-neg-ac-p34-rup-rup,8,8,10,2,2,3,3,9,0,checked,0.0,0.0,-4,9/16
census-neg-ac-p34-rup-rdn,8,8,10,2,2,3,3,5,-1,checked,0.0,0.004003531000000393,-4,5/16
census-neg-ac-p34-rup-rtz,8,8,10,2,2,3,3,9,0,checked,0.0,0.0,-4,9/16
census-neg-ac-p34-rdn-rne,8,8,10,2,2,3,3,5,-1,checked,0.0,0.0039975419999995765,-4,5/16
census-neg-ac-p34-rdn-rup,8,8,10,2,2,3,3,2,-3,checked,0.0,0.0,-4,1/8
census-neg-ac-p34-rdn-rdn,8,8,10,2,2,3,3,6,-1,checked,0.0,0.004000775999999817,-4,3/8
census-neg-ac-p34-rdn-rtz,8,8,10,2,2,3,3,2,-3,checked,0.0,0.0,-4,1/8
census-neg-ac-p34-rtz-rne,8,8,10,2,2,3,3,8,-1,checked,0.0,0.004000605999999962,-4,1/2
census-neg-ac-p34-rtz-rup,8,8,10,2,2,3,3,9,0,checked,0.0,0.0,-4,9/16
census-neg-ac-p34-rtz-rdn,8,8,10,2,2,3,3,5,-1,checked,0.0,0.004002229000000135,-4,5/16
census-neg-ac-p34-rtz-rtz,8,8,10,2,2,3,3,9,0,checked,0.0,0.0,-4,9/16
census-neg-ac-p35-rne-rne,8,8,12,2,2,3,4,4,-2,checked,0.0,0.003996100000000169,-4,1/4
census-neg-ac-p35-rne-rup,8,8,12,2,2,3,4,5,-1,checked,0.0,0.0,-4,5/16
census-neg-ac-p35-rne-rdn,8,8,12,2,2,3,4,4,-2,checked,0.0,0.003999995000000034,-4,1/4
census-neg-ac-p35-rne-rtz,8,8,12,2,2,3,4,5,-1,checked,0.0,0.0,-4,5/16
census-neg-ac-p35-rup-rne,8,8,10,2,2,3,3,6,-1,checked,0.0,0.003999395000000128,-4,3/8
census-neg-ac-p35-rup-rup,8,8,10,2,2,3,3,7,-1,checked,0.0,0.0,-4,7/16
census-neg-ac-p35-rup-rdn,8,8,10,2,2,3,3,6,-1,checked,0.0,0.003999693999999998,-4,3/8
census-neg-ac-p35-rup-rtz,8,8,10,2,2,3,3,7,-1,checked,0.0,0.0,-4,7/16
census-neg-ac-p35-rdn-rne,8,8,10,2,2,3,3,5,-1,checked,0.0,0.0,-4,5/16
census-neg-ac-p35-rdn-rup,8,8,10,2,2,3,3,4,-2,checked,0.004003180999999856,0.0,-4,1/4
census-neg-ac-p35-rdn-rdn,8,8,10,2,2,3,3,5,-1,checked,0.0,0.0,-4,5/16
census-neg-ac-p35-rdn-rtz,8,8,10,2,2,3,3,4,-2,checked,0.0040010569999999746,0.0,-4,1/4
census-neg-ac-p35-rtz-rne,8,8,10,2,2,3,3,6,-1,checked,0.0,0.0,-4,3/8
census-neg-ac-p35-rtz-rup,8,8,10,2,2,3,3,7,-1,checked,0.004000976000000378,0.0,-4,7/16
census-neg-ac-p35-rtz-rdn,8,8,10,2,2,3,3,6,-1,checked,0.0,0.0,-4,3/8
census-neg-ac-p35-rtz-rtz,8,8,10,2,2,3,3,7,-1,checked,0.0,0.003997771999999955,-4,7/16
census-neg-ac-p43-rne-rne,8,8,12,2,2,3,4,2,-3,checked,0.0,0.0,-4,1/8
census-neg-ac-p43-rne-rup,8,8,12,2,2,3,3,8,-1,checked,0.0,0.004000716999999376,-4,1/2
census-neg-ac-p43-rne-rdn,8,8,12,2,2,3,3,8,-1,checked,0.0,0.0,-4,1/2
census-neg-ac-p43-rne-rtz,8,8,12,2,2,3,3,8,-1,checked,0.0,0.004122698000000646,-4,1/2
census-neg-ac-p43-rup-rne,8,8,10,2,2,3,4,2,-3,checked,0.0,0.0,-4,1/8
census-neg-ac-p43-rup-rup,8,8,10,2,2,3,3,9,0,checked,0.0,0.003877532999999822,-4,9/16
census-neg-ac-p43-rup-rdn,8,8,10,2,2,3,3,2,-3,checked,0.0,0.0,-4,1/8
census-neg-ac-p43-rup-rtz,8,8,10,2,2,3,3,9,0,checked,0.0,0.004000146000000093,-4,9/16
census-neg-ac-p43-rdn-rne,8,8,12,2,2,3,4,2,-3,checked,0.0,0.0,-4,1/8
census-neg-ac-p43-rdn-rup,8,8,12,2,2,3,3,7,-1,checked,0.0,0.004002689000000004,-4,7/16
census-neg-ac-p43-rdn-rdn,8,8,12,2,2,3,3,9,0,checked,0.0,0.0,-4,9/16
census-neg-ac-p43-rdn-rtz,8,8,12,2,2,3,3,7,-1,checked,0.0,0.0040008069999997176,-4,7/16
census-neg-ac-p43-rtz-rne,8,8,10,2,2,3,4,2,-3,checked,0.0,0.0,-4,1/8
census-neg-ac-p43-rtz-rup,8,8,10,2,2,3,3,9,0,checked,0.0,0.0039966700000002575,-4,9/16
census-neg-ac-p43-rtz-rdn,8,8,10,2,2,3,3,2,-3,checked,0.0,0.0,-4,1/8
census-neg-ac-p43-rtz-rtz,8,8,10,2,2,3,3,9,0,checked,0.0,0.004001857999999636,-4,9/16
census-neg-ac-p44-rne-rne,8,8,12,2,2,2,3,3,-2,checked,0.0,0.0,-4,3/16
census-neg-ac-p44-rne-rup,8,8,12,2,2,2,3,4,-2,checked,0.0039970209999999895,0.0,-4,1/4
census-neg-ac-p44-rne-rdn,8,8,12,2,2,2,3,4,-2,checked,0.0,0.0,-4,1/4
census-neg-ac-p44-rne-rtz,8,8,12,2,2,2,3,4,-2,checked,0.0,0.0040007769999999,-4,1/4
census-neg-ac-p44-rup-rne,8,8,10,2,2,2,3,2,-3,checked,0.0,0.0,-4,1/8
census-neg-ac-p44-rup-rup,8,8,10,2,2,2,2,5,-1,checked,0.0,0.003999474000000447,-4,5/16
census-neg-ac-p44-rup-rdn,8,8,10,2,2,2,2,2,-3,checked,0.0,0.0,-4,1/8
census-neg-ac-p44-rup-rtz,8,8,10,2,2,2,2,5,-1,checked,0.0,0.0040012269999998296,-4,5/16
census-neg-ac-p44-rdn-rne,8,8,12,2,2,2,3,4,-2,checked,0.0,0.0,-4,1/4
census-neg-ac-p44-rdn-rup,8,8,10,2,2,2,2,3,-2,checked,0.0,0.004016960999999597,-4,3/16
census-neg-ac-p44-rdn-rdn,8,8,10,2,2,2,2,5,-1,checked,0.0,0.0,-4,5/16
census-neg-ac-p44-rdn-rtz,8,8,10,2,2,2,2,3,-2,checked,0.0,0.0039741470000000945,-4,3/16
census-neg-ac-p44-rtz-rne,8,8,10,2,2,2,3,2,-3,checked,0.0,0.0,-4,1/8
census-neg-ac-p44-rtz-rup,8,8,10,2,2,2,2,5,-1,checked,0.0,0.00400450199999991,-4,5/16
census-neg-ac-p44-rtz-rdn,8,8,10,2,2,2,2,2,-3,checked,0.0,0.0,-4,1/8
census-neg-ac-p44-rtz-rtz,8,8,10,2,2,2,2,5,-1,checked,0.0,0.003996471000000668,-4,5/16
census-neg-ac-p45-rne-rne,8,8,12,2,2,3,3,3,-2,checked,0.0,0.0,-4,3/16
census-neg-ac-p45-rne-rup,8,8,12,2,2,3,3,2,-3,checked,0.0,0.003997670999999592,-4,1/8
census-neg-ac-p45-rne-rdn,8,8,12,2,2,3,3,3,-2,checked,0.0,0.0,-4,3/16
census-neg-ac-p45-rne-rtz,8,8,12,2,2,3,3,2,-3,checked,0.0,0.004000646999999802,-4,1/8
census-neg-ac-p45-rup-rne,8,8,10,2,2,3,2,2,-3,checked,0.0,0.0,-4,1/8
census-neg-ac-p45-rup-rup,8,8,10,2,2,3,2,3,-2,checked,0.0,0.003997091000000452,-4,3/16
census-neg-ac-p45-rup-rdn,8,8,10,2,2,3,2,2,-3,checked,0.0,0.0,-4,1/8
census-neg-ac-p45-rup-rtz,8,8,10,2,2,3,2,3,-2,checked,0.0,0.0040002459999994855,-4,3/16
census-neg-ac-p45-rdn-rne,8,8,10,2,2,3,2,4,-2,checked,0.0,0.0,-4,1/4
census-neg-ac-p45-rdn-rup,8,8,10,2,2,3,2,3,-2,checked,0.0,0.004002789000000284,-4,3/16
census-neg-ac-p45-rdn-rdn,8,8,10,2,2,3,2,4,-2,checked,0.0,0.0,-4,1/4
census-neg-ac-p45-rdn-rtz,8,8,10,2,2,3,2,3,-2,checked,0.0,0.003997631999999918,-4,3/16
census-neg-ac-p45-rtz-rne,8,8,10,2,2,3,2,2,-3,checked,0.0,0.0,-4,1/8
census-neg-ac-p45-rtz-rup,8,8,10,2,2,3,2,3,-2,checked,0.004004112000000504,0.0,-4,3/16
census-neg-ac-p45-rtz-rdn,8,8,10,2,2,3,2,2,-3,checked,0.0,0.0,-4,1/8
census-neg-ac-p45-rtz-rtz,8,8,10,2,2,3,2,3,-2,checked,0.003998602999999434,0.0,-4,3/16
census-neg-ac-p53-rne-rne,8,8,12,2,2,3,4,2,-3,checked,0.0,0.0,-4,1/8
census-neg-ac-p53-rne-rup,8,8,12,2,2,3,3,8,-1,checked,0.003997822000000539,0.0,-4,1/2
census-neg-ac-p53-rne-rdn,8,8,12,2,2,3,3,7,-1,checked,0.0,0.003999343999999461,-4,7/16
census-neg-ac-p53-rne-rtz,8,8,12,2,2,3,3,8,-1,checked,0.0,0.0,-4,1/2
census-neg-ac-p53-rup-rne,8,8,12,2,2,3,4,2,-3,checked,0.0,0.003999885999999897,-4,1/8
census-neg-ac-p53-rup-rup,8,8,12,2,2,3,3,8,-1,checked,0.0,0.0,-4,1/2
census-neg-ac-p53-rup-rdn,8,8,12,2,2,3,3,7,-1,checked,0.0,0.004001227000000718,-4,7/16
census-neg-ac-p53-rup-rtz,8,8,12,2,2,3,3,8,-1,checked,0.0,0.0,-4,1/2
census-neg-ac-p53-rdn-rne,8,8,12,2,2,3,4,2,-3,checked,0.0,0.003998653000000019,-4,1/8
census-neg-ac-p53-rdn-rup,8,8,12,2,2,3,3,7,-1,checked,0.0,0.0,-4,7/16
census-neg-ac-p53-rdn-rdn,8,8,12,2,2,3,3,8,-1,checked,0.0,0.003999153999999727,-4,1/2
census-neg-ac-p53-rdn-rtz,8,8,12,2,2,3,3,7,-1,checked,0.0,0.0,-4,7/16
census-neg-ac-p53-rtz-rne,8,8,12,2,2,3,4,2,-3,checked,0.0,0.00400228899999977,-4,1/8
census-neg-ac-p53-rtz-rup,8,8,12,2,2,3,3,8,-1,checked,0.0,0.0,-4,1/2
census-neg-ac-p53-rtz-rdn,8,8,12,2,2,3,3,7,-1,checked,0.0,0.004000766999999961,-4,7/16
census-neg-ac-p53-rtz-rtz,8,8,12,2,2,3,3,8,-1,checked,0.0,0.0,-4,1/2
census-neg-ac-p54-rne-rne,8,8,12,2,2,3,3,2,-3,checked,0.0,0.0039996240000004235,-4,1/8
census-neg-ac-p54-rne-rup,8,8,12,2,2,3,2,4,-2,checked,0.0,0.0,-4,1/4
census-neg-ac-p54-rne-rdn,8,8,12,2,2,3,2,3,-2,checked,0.0,0.003998053000000112,-4,3/16
census-neg-ac-p54-rne-rtz,8,8,12,2,2,3,2,4,-2,checked,0.0,0.0,-4,1/4
census-neg-ac-p54-rup-rne,8,8,12,2,2,3,3,2,-3,checked,0.0,0.004001106999999671,-4,1/8
census-neg-ac-p54-rup-rup,8,8,12,2,2,3,2,4,-2,checked,0.0,0.0,-4,1/4
census-neg-ac-p54-rup-rdn,8,8,12,2,2,3,2,3,-2,checked,0.0,0.004000556000000266,-4,3/16
census-neg-ac-p54-rup-rtz,8,8,12,2,2,3,2,4,-2,checked,0.0,0.0,-4,1/4
census-neg-ac-p54-rdn-rne,8,8,12,2,2,3,3,2,-3,checked,0.0,0.0039996449999994965,-4,1/8
census-neg-ac-p54-rdn-rup,8,8,12,2,2,3,2,3,-2,checked,0.0,0.0,-4,3/16
census-neg-ac-p54-rdn-rdn,8,8,12,2,2,3,2,4,-2,checked,0.0,0.003999054000000335,-4,1/4
census-neg-ac-p54-rdn-rtz,8,8,12,2,2,3,2,3,-2,checked,0.0,0.0,-4,3/16
census-neg-ac-p54-rtz-rne,8,8,12,2,2,3,3,2,-3,checked,0.0,0.004004101999999676,-4,1/8
census-neg-ac-p54-rtz-rup,8,8,12,2,2,3,2,4,-2,checked,0.0,0.0,-4,1/4
census-neg-ac-p54-rtz-rdn,8,8,12,2,2,3,2,3,-2,checked,0.0,0.003995687999999831,-4,3/16
census-neg-ac-p54-rtz-rtz,8,8,12,2,2,3,2,4,-2,checked,0.0,0.0,-4,1/4
census-neg-ac-p55-rne-rne,8,8,12,2,2,2,2,1,-4,checked,0.0,0.004001799000000084,-4,1/16
census-neg-ac-p55-rne-rup,8,8,12,2,2,2,2,2,-3,checked,0.0,0.0,-4,1/8
census-neg-ac-p55-rne-rdn,8,8,12,2,2,2,2,1,-4,checked,0.0,0.003999413999999923,-4,1/16
census-neg-ac-p55-rne-rtz,8,8,12,2,2,2,2,2,-3,checked,0.0,0.0,-4,1/8
census-neg-ac-p55-rup-rne,8,8,12,2,2,2,2,1,-4,checked,0.0,0.003999495000000408,-4,1/16
census-neg-ac-p55-rup-rup,8,8,10,2,2,2,1,2,-3,checked,0.0,0.0,-4,1/8
census-neg-ac-p55-rup-rdn,8,8,10,2,2,2,1,1,-4,checked,0.0,0.004000436000000107,-4,1/16
census-neg-ac-p55-rup-rtz,8,8,10,2,2,2,1,2,-3,checked,0.0,0.0,-4,1/8
census-neg-ac-p55-rdn-rne,8,8,12,2,2,2,2,1,-4,checked,0.0,0.0,-4,1/16
census-neg-ac-p55-rdn-rup,8,8,10,2,2,2,1,1,-4,checked,0.004009389000000141,0.0,-4,1/16
census-neg-ac-p55-rdn-rdn,8,8,10,2,2,2,1,2,-3,checked,0.0,0.0,-4,1/8
census-neg-ac-p55-rdn-rtz,8,8,10,2,2,2,1,1,-4,checked,0.003981317999999234,0.0,-4,1/16
census-neg-ac-p55-rtz-rne,8,8,12,2,2,2,2,1,-4,checked,0.0,0.003996410000000061,-4,1/16
census-neg-ac-p55-rtz-rup,8,8,10,2,2,2,1,2,-3,checked,0.0,0.0,-4,1/8
census-neg-ac-p55-rtz-rdn,8,8,10,2,2,2,1,1,-4,checked,0.0,0.004002599000000551,-4,1/16
census-neg-ac-p55-rtz-rtz,8,8,10,2,2,2,1,2,-3,checked,0.0,0.0,-4,1/8
census-neg-bc-p33-rne-rne,8,8,10,2,2,2,4,2,-3,checked,0.0,0.0,-4,1/8
census-neg-bc-p33-rne-rup,8,8,10,2,2,2,4,2,-3,checked,0.004003851000000225,0.0,-4,1/8
census-neg-bc-p33-rne-rdn,8,8,10,2,2,2,4,9,0,checked,0.0,0.0,-4,9/16
census-neg-bc-p33-rne-rtz,8,8,10,2,2,2,4,2,-3,checked,0.0039958589999997685,0.0,-4,1/8
census-neg-bc-p33-rup-rne,8,8,12,2,2,2,4,8,-1,checked,0.004000306000000009,0.0,-4,1/2
census-neg-bc-p33-rup-rup,8,8,10,2,2,2,3,8,-1,checked,0.0,0.0,-4,1/2
census-neg-bc-p33-rup-rdn,8,8,10,2,2,2,3,7,-1,checked,0.0,0.004001066999999914,-4,7/16
census-neg-bc-p33-rup-rtz,8,8,10,2,2,2,3,8,-1,checked,0.0,0.0,-4,1/2
census-neg-bc-p33-rdn-rne,8,8,10,2,2,2,4,2,-3,checked,0.004000215999999668,0.0,-4,1/8
census-neg-bc-p33-rdn-rup,8,8,10,2,2,2,3,2,-3,checked,0.0,0.0,-4,1/8
census-neg-bc-p33-rdn-rdn,8,8,10,2,2,2,3,9,0,checked,0.003999835000000118,0.0,-4,9/16
census-neg-bc-p33-rdn-rtz,8,8,10,2,2,2,3,2,-3,checked,0.0,0.0,-4,1/8
census-neg-bc-p33-rtz-rne,8,8,12,2,2,2,4,8,-1,checked,0.004001396999999685,0.0,-4,1/2
census-neg-bc-p33-rtz-rup,8,8,10,2,2,2,3,8,-1,checked,0.0,0.0,-4,1/2
census-neg-bc-p33-rtz-rdn,8,8,10,2,2,2,3,7,-1,checked,0.0,0.003998654000000101,-4,7/16
census-neg-bc-p33-rtz-rtz,8,8,10,2,2,2,3,8,-1,checked,0.0,0.0,-4,1/2
census-neg-bc-p34-rne-rne,8,8,10,2,2,3,4,2,-3,checked,0.0,0.004002519000000149,-4,1/8
census-neg-bc-p34-rne-rup,8,8,10,2,2,3,4,2,-3,checked,0.0,0.0,-4,1/8
census-neg-bc-p34-rne-rdn,8,8,10,2,2,3,4,5,-1,checked,0.0,0.003999584999999861,-4,5/16
census-neg-bc-p34-rne-rtz,8,8,10,2,2,3,4,2,-3,checked,0.0,0.0,-4,1/8
census-neg-bc-p34-rup-rne,8,8,10,2,2,3,3,8,-1,checked,0.0,0.003997852000000357,-4,1/2
census-neg-bc-p34-rup-rup,8,8,10,2,2,3,3,8,-1,checked,0.0,0.0,-4,1/2
census-neg-bc-p34-rup-rdn,8,8,10,2,2,3,3,7,-1,checked,0.0,0.00400111699999961,-4,7/16
census-neg-bc-p34-rup-rtz,8,8,10,2,2,3,3,8,-1,checked,0.0,0.0,-4,1/2
census-neg-bc-p34-rdn-rne,8,8,10,2,2,3,3,2,-3,checked,0.0,0.0039992840000007135,-4,1/8
census-neg-bc-p34-rdn-rup,8,8,10,2,2,3,3,2,-3,checked,0.0,0.0,-4,1/8
census-neg-bc-p34-rdn-rdn,8,8,10,2,2,3,3,5,-1,checked,0.0,0.003998042999999285,-4,5/16
census-neg-bc-p34-rdn-rtz,8,8,10,2,2,3,3,2,-3,checked,0.0,0.0,-4,1/8
census-neg-bc-p34-rtz-rne,8,8,10,2,2,3,3,8,-1,checked,0.0,0.004001698000000609,-4,1/2
census-neg-bc-p34-rtz-rup,8,8,10,2,2,3,3,8,-1,checked,0.0,0.0,-4,1/2
census-neg-bc-p34-rtz-rdn,8,8,10,2,2,3,3,7,-1,checked,0.0,0.0040010569999999746,-4,7/16
census-neg-bc-p34-rtz-rtz,8,8,10,2,2,3,3,8,-1,checked,0.0,0.0,-4,1/2
census-neg-bc-p35-rne-rne,8,8,10,2,2,3,4,2,-3,checked,0.0,0.003999784999999534,-4,1/8
census-neg-bc-p35-rne-rup,8,8,10,2,2,3,4,2,-3,checked,0.0,0.0,-4,1/8
census-neg-bc-p35-rne-rdn,8,8,10,2,2,3,4,3,-2,checked,0.0,0.004002939000000261,-4,3/16
census-neg-bc-p35-rne-rtz,8,8,10,2,2,3,4,2,-3,checked,0.0,0.0,-4,1/8
census-neg-bc-p35-rup-rne,8,8,10,2,2,3,3,8,-1,checked,0.0,0.003998973999999933,-4,1/2
census-neg-bc-p35-rup-rup,8,8,10,2,2,3,3,8,-1,checked,0.0,0.0,-4,1/2
census-neg-bc-p35-rup-rdn,8,8,10,2,2,3,3,7,-1,checked,0.0,0.003996811000000378,-4,7/16
census-neg-bc-p35-rup-rtz,8,8,10,2,2,3,3,8,-1,checked,0.0,0.0,-4,1/2
census-neg-bc-p35-rdn-rne,8,8,10,2,2,3,3,2,-3,checked,0.0,0.0039989540000000545,-4,1/8
census-neg-bc-p35-rdn-rup,8,8,10,2,2,3,3,2,-3,checked,0.0,0.0,-4,1/8
census-neg-bc-p35-rdn-rdn,8,8,10,2,2,3,3,3,-2,checked,0.0,0.004002818999999214,-4,3/16
census-neg-bc-p35-rdn-rtz,8,8,10,2,2,3,3,2,-3,checked,0.0,0.0,-4,1/8
census-neg-bc-p35-rtz-rne,8,8,10,2,2,3,3,8,-1,checked,0.0,0.00399995600000036,-4,1/2
census-neg-bc-p35-rtz-rup,8,8,10,2,2,3,3,8,-1,checked,0.0,0.0,-4,1/2
census-neg-bc-p35-rtz-rdn,8,8,10,2,2,3,3,7,-1,checked,0.0,0.004003380000000334,-4,7/16
census-neg-bc-p35-rtz-rtz,8,8,10,2,2,3,3,8,-1,checked,0.0,0.0,-4,1/2
census-neg-bc-p43-rne-rne,8,8,10,2,2,3,4,2,-3,checked,0.0,0.0039986430000000794,-4,1/8
census-neg-bc-p43-rne-rup,8,8,10,2,2,3,3,2,-3,checked,0.0,0.0,-4,1/8
census-neg-bc-p43-rne-rdn,8,8,10,2,2,3,3,9,0,checked,0.0,0.003999144999999871,-4,9/16
census-neg-bc-p43-rne-rtz,8,8,10,2,2,3,3,2,-3,checked,0.0,0.0,-4,1/8
census-neg-bc-p43-rup-rne,8,8,12,2,2,3,4,7,-1,checked,0.0,0.003998202000000006,-4,7/16
census-neg-bc-p43-rup-rup,8,8,12,2,2,3,3,8,-1,checked,0.0,0.0,-4,1/2
census-neg-bc-p43-rup-rdn,8,8,12,2,2,3,3,7,-1,checked,0.0,0.004002819999999296,-4,7/16
census-neg-bc-p43-rup-rtz,8,8,12,2,2,3,3,8,-1,checked,0.0,0.0,-4,1/2
census-neg-bc-p43-rdn-rne,8,8,10,2,2,3,4,2,-3,checked,0.0,0.003996270000000024,-4,1/8
census-neg-bc-p43-rdn-rup,8,8,10,2,2,3,3,2,-3,checked,0.0,0.0,-4,1/8
census-neg-bc-p43-rdn-rdn,8,8,10,2,2,3,3,9,0,checked,0.0,0.004000265000000169,-4,9/16
census-neg-bc-p43-rdn-rtz,8,8,10,2,2,3,3,2,-3,checked,0.0,0.0,-4,1/8
census-neg-bc-p43-rtz-rne,8,8,12,2,2,3,4,7,-1,checked,0.0,0.003999165000000637,-4,7/16
census-neg-bc-p43-rtz-rup,8,8,12,2,2,3,3,8,-1,checked,0.0,0.0,-4,1/2
census-neg-bc-p43-rtz-rdn,8,8,12,2,2,3,3,7,-1,checked,0.0,0.003999223999999302,-4,7/16
census-neg-bc-p43-rtz-rtz,8,8,12,2,2,3,3,8,-1,checked,0.0,0.0,-4,1/2
census-neg-bc-p44-rne-rne,8,8,10,2,2,2,3,2,-3,checked,0.0,0.004001778000000122,-4,1/8
census-neg-bc-p44-rne-rup,8,8,10,2,2,2,3,2,-3,checked,0.0,0.0,-4,1/8
census-neg-bc-p44-rne-rdn,8,8,10,2,2,2,3,5,-1,checked,0.0,0.003998493000000103,-4,5/16
census-neg-bc-p44-rne-rtz,8,8,10,2,2,2,3,2,-3,checked,0.0,0.0,-4,1/8
census-neg-bc-p44-rup-rne,8,8,12,2,2,2,3,4,-2,checked,0.0,0.004003009999999918,-4,1/4
census-neg-bc-p44-rup-rup,8,8,10,2,2,2,2,4,-2,checked,0.0,0.0,-4,1/4
census-neg-bc-p44-rup-rdn,8,8,10,2,2,2,2,3,-2,checked,0.0,0.003996579999999916,-4,3/16
census-neg-bc-p44-rup-rtz,8,8,10,2,2,2,2,4,-2,checked,0.0,0.0,-4,1/4
census-neg-bc-p44-rdn-rne,8,8,10,2,2,2,3,2,-3,checked,0.0,0.003999405000000067,-4,1/8
census-neg-bc-p44-rdn-rup,8,8,10,2,2,2,2,2,-3,checked,0.0,0.0,-4,1/8
census-neg-bc-p44-rdn-rdn,8,8,10,2,2,2,2,5,-1,checked,0.0,0.004001487000000026,-4,5/16
census-neg-bc-p44-rdn-rtz,8,8,10,2,2,2,2,2,-3,checked,0.0,0.0,-4,1/8
census-neg-bc-p44-rtz-rne,8,8,12,2,2,2,3,4,-2,checked,0.0,0.004001157000000255,-4,1/4
census-neg-bc-p44-rtz-rup,8,8,10,2,2,2,2,4,-2,checked,0.0,0.0,-4,1/4
census-neg-bc-p44-rtz-rdn,8,8,10,2,2,2,2,3,-2,checked,0.0,0.0,-4,3/16
census-neg-bc-p44-rtz-rtz,8,8,10,2,2,2,2,4,-2,checked,0.004003049999999675,0.0,-4,1/4
census-neg-bc-p45-rne-rne,8,8,10,2,2,3,3,2,-3,checked,0.0,0.0,-4,1/8
census-neg-bc-p45-rne-rup,8,8,10,2,2,3,3,2,-3,checked,0.003996771000000621,0.0,-4,1/8
census-neg-bc-p45-rne-rdn,8,8,10,2,2,3,3,3,-2,checked,0.0,0.0,-4,3/16
census-neg-bc-p45-rne-rtz,8,8,10,2,2,3,3,2,-3,checked,0.0040012669999995865,0.0,-4,1/8
census-neg-bc-p45-rup-rne,8,8,10,2,2,3,2,4,-2,checked,0.0,0.0,-4,1/4
census-neg-bc-p45-rup-rup,8,8,10,2,2,3,2,4,-2,checked,0.004001047000000035,0.0,-4,1/4
census-neg-bc-p45-rup-rdn,8,8,10,2,2,3,2,3,-2,checked,0.0,0.0,-4,3/16
census-neg-bc-p45-rup-rtz,8,8,10,2,2,3,2,4,-2,checked,0.0,0.0040762790000004046,-4,1/4
census-neg-bc-p45-rdn-rne,8,8,10,2,2,3,2,2,-3,checked,0.0,0.0,-4,1/8
census-neg-bc-p45-rdn-rup,8,8,10,2,2,3,2,2,-3,checked,0.003920206999999287,0.0,-4,1/8
census-neg-bc-p45-rdn-rdn,8,8,10,2,2,3,2,3,-2,checked,0.0,0.0,-4,3/16
census-neg-bc-p45-rdn-rtz,8,8,10,2,2,3,2,2,-3,checked,0.004001007000000278,0.0,-4,1/8
census-neg-bc-p45-rtz-rne,8,8,10,2,2,3,2,4,-2,checked,0.0,0.0,-4,1/4
census-neg-bc-p45-rtz-rup,8,8,10,2,2,3,2,4,-2,checked,0.0,0.004000265000000169,-4,1/4
census-neg-bc-p45-rtz-rdn,8,8,10,2,2,3,2,3,-2,checked,0.0,0.0,-4,3/16
census-neg-bc-p45-rtz-rtz,8,8,10,2,2,3,2,4,-2,checked,0.0,0.004001287999999548,-4,1/4
census-neg-bc-p53-rne-rne,8,8,12,2,2,3,4,2,-3,checked,0.0,0.0,-4,1/8
census-neg-bc-p53-rne-rup,8,8,12,2,2,3,3,7,-1,checked,0.0,0.003999584000000667,-4,7/16
census-neg-bc-p53-rne-rdn,8,8,12,2,2,3,3,8,-1,checked,0.0,0.0,-4,1/2
census-neg-bc-p53-rne-rtz,8,8,12,2,2,3,3,7,-1,checked,0.0,0.0040012379999998515,-4,7/16
census-neg-bc-p53-rup-rne,8,8,12,2,2,3,4,2,-3,checked,0.0,0.0,-4,1/8
census-neg-bc-p53-rup-rup,8,8,12,2,2,3,3,8,-1,checked,0.0,0.004000485999999803,-4,1/2
census-neg-bc-p53-rup-rdn,8,8,12,2,2,3,3,7,-1,checked,0.0,0.0,-4,7/16
census-neg-bc-p53-rup-rtz,8,8,12,2,2,3,3,8,-1,checked,0.0,0.004000074999999548,-4,1/2
census-neg-bc-p53-rdn-rne,8,8,12,2,2,3,4,2,-3,checked,0.0,0.0,-4,1/8
census-neg-bc-p53-rdn-rup,8,8,12,2,2,3,3,7,-1,checked,0.0,0.003999064000000274,-4,7/16
census-neg-bc-p53-rdn-rdn,8,8,12,2,2,3,3,8,-1,checked,0.0,0.0,-4,1/2
census-neg-bc-p53-rdn-rtz,8,8,12,2,2,3,3,7,-1,checked,0.0,0.004000416000000229,-4,7/16
census-neg-bc-p53-rtz-rne,8,8,12,2,2,3,4,2,-3,checked,0.0,0.0,-4,1/8
census-neg-bc-p53-rtz-rup,8,8,12,2,2,3,3,8,-1,checked,0.0,0.0039998050000003005,-4,1/2
census-neg-bc-p53-rtz-rdn,8,8,12,2,2,3,3,7,-1,checked,0.0,0.0,-4,7/16
census-neg-bc-p53-rtz-rtz,8,8,12,2,2,3,3,8,-1,checked,0.0,0.004000005999999168,-4,1/2
census-neg-bc-p54-rne-rne,8,8,12,2,2,3,3,2,-3,checked,0.0,0.0,-4,1/8
census-neg-bc-p54-rne-rup,8,8,12,2,2,3,2,3,-2,checked,0.0,0.003999184000000433,-4,3/16
census-neg-bc-p54-rne-rdn,8,8,12,2,2,3,2,4,-2,checked,0.0,0.0,-4,1/4
census-neg-bc-p54-rne-rtz,8,8,12,2,2,3,2,3,-2,checked,0.0,0.004001177000000133,-4,3/16
census-neg-bc-p54-rup-rne,8,8,12,2,2,3,3,2,-3,checked,0.0,0.0,-4,1/8
census-neg-bc-p54-rup-rup,8,8,12,2,2,3,2,4,-2,checked,0.0,0.004000014999999912,-4,1/4
census-neg-bc-p54-rup-rdn,8,8,12,2,2,3,2,3,-2,checked,0.0,0.0,-4,3/16
census-neg-bc-p54-rup-rtz,8,8,12,2,2,3,2,4,-2,checked,0.0,0.003999484999999581,-4,1/4
census-neg-bc-p54-rdn-rne,8,8,12,2,2,3,3,2,-3,checked,0.0,0.0,-4,1/8
census-neg-bc-p54-rdn-rup,8,8,12,2,2,3,2,3,-2,checked,0.0,0.003997892000000114,-4,3/16
census-neg-bc-p54-rdn-rdn,8,8,12,2,2,3,2,4,-2,checked,0.0,0.0,-4,1/4
census-neg-bc-p54-rdn-rtz,8,8,12,2,2,3,2,3,-2,checked,0.0,0.003999505000000347,-4,3/16
census-neg-bc-p54-rtz-rne,8,8,12,2,2,3,3,2,-3,checked,0.0,0.0,-4,1/8
census-neg-bc-p54-rtz-rup,8,8,12,2,2,3,2,4,-2,checked,0.0,0.003999794999999473,-4,1/4
census-neg-bc-p54-rtz-rdn,8,8,12,2,2,3,2,3,-2,checked,0.0,0.0,-4,3/16
census-neg-bc-p54-rtz-rtz,8,8,12,2,2,3,2,4,-2,checked,0.0,0.004001868000000464,-4,1/4
census-neg-bc-p55-rne-rne,8,8,12,2,2,2,2,1,-4,checked,0.0,0.0,-4,1/16
census-neg-bc-p55-rne-rup,8,8,12,2,2,2,2,1,-4,checked,0.0,0.003999334999999604,-4,1/16
census-neg-bc-p55-rne-rdn,8,8,12,2,2,2,2,2,-3,checked,0.0,0.0,-4,1/8
census-neg-bc-p55-rne-rtz,8,8,12,2,2,2,2,1,-4,checked,0.0,0.0040001450000000105,-4,1/16
census-neg-bc-p55-rup-rne,8,8,12,2,2,2,2,1,-4,checked,0.0,0.0,-4,1/16
census-neg-bc-p55-rup-rup,8,8,10,2,2,2,1,2,-3,checked,0.0,0.004000897000000059,-4,1/8
census-neg-bc-p55-rup-rdn,8,8,10,2,2,2,1,1,-4,checked,0.0,0.0,-4,1/16
census-neg-bc-p55-rup-rtz,8,8,10,2,2,2,1,2,-3,checked,0.0,0.004001538000000693,-4,1/8
census-neg-bc-p55-rdn-rne,8,8,12,2,2,2,2,1,-4,checked,0.0,0.0,-4,1/16
census-neg-bc-p55-rdn-rup,8,8,10,2,2,2,1,1,-4,checked,0.0,0.003999733999999755,-4,1/16
census-neg-bc-p55-rdn-rdn,8,8,10,2,2,2,1,2,-3,checked,0.0,0.0,-4,1/8
census-neg-bc-p55-rdn-rtz,8,8,10,2,2,2,1,1,-4,checked,0.0,0.003998973999999933,-4,1/16
census-neg-bc-p55-rtz-rne,8,8,12,2,2,2,2,1,-4,checked,0.0,0.0,-4,1/16
census-neg-bc-p55-rtz-rup,8,8,10,2,2,2,1,2,-3,checked,0.0,0.004001899000000364,-4,1/8
census-neg-bc-p55-rtz-rdn,8,8,10,2,2,2,1,1,-4,checked,0.0,0.0,-4,1/16
census-neg-bc-p55-rtz-rtz,8,8,10,2,2,2,1,2,-3,checked,0.0,0.004001136999999488,-4,1/8
challenge-normal-pos-left-p354-nnn,16,16,22,3,3,4,4,4,-2,checked,0.0,0.003994597000000155,-4,1/4
challenge-normal-pos-left-p354-uuu,16,16,24,3,3,4,3,14,0,checked,0.0,0.004001947999999977,-4,7/8
challenge-normal-pos-left-p354-ddd,16,16,22,3,3,4,3,4,-2,checked,0.0,0.00399901399999969,-4,1/4
challenge-normal-pos-left-p354-zzz,16,16,22,3,3,4,3,4,-2,checked,0.0,0.0039992040000003115,-4,1/4
challenge-normal-pos-left-p354-nud,16,16,24,3,3,4,4,4,-2,checked,0.0,0.004004271999999531,-4,1/4
challenge-normal-pos-left-p354-udz,16,16,22,3,3,4,3,7,-1,checked,0.0,0.003996140000000814,-4,7/16
challenge-normal-pos-left-p354-dzn,16,16,22,3,3,4,4,4,-2,checked,0.0,0.0039993539999994,-4,1/4
challenge-normal-pos-left-p354-znu,16,16,22,3,3,4,3,7,-1,checked,0.0,0.0040025090000002095,-4,7/16
challenge-normal-pos-left-p534-nnn,16,16,26,3,3,4,4,4,-2,checked,0.0,0.003999845000000057,-4,1/4
challenge-normal-pos-left-p534-uuu,16,16,26,3,3,4,3,14,0,checked,0.0,0.004000626999999923,-4,7/8
challenge-normal-pos-left-p534-ddd,16,16,26,3,3,4,3,4,-2,checked,0.0,0.00400052599999956,-4,1/4
challenge-normal-pos-left-p534-zzz,16,16,26,3,3,4,3,4,-2,checked,0.0,0.004000266000000252,-4,1/4
challenge-normal-pos-left-p534-nud,16,16,26,3,3,4,3,7,-1,checked,0.003999734999999838,0.0,-4,7/16
challenge-normal-pos-left-p534-udz,16,16,26,3,3,4,3,4,-2,checked,0.003998763000000238,0.0,-4,1/4
challenge-normal-pos-left-p534-dzn,16,16,26,3,3,4,4,4,-2,checked,0.004000146000000093,0.00399842299999964,-4,1/4
challenge-normal-pos-left-p534-znu,16,16,26,3,3,4,4,7,-1,checked,0.0,0.003999625000000506,-4,7/16
challenge-normal-pos-midleft-p354-nnn,16,16,22,3,3,4,4,4,-2,checked,0.0,0.004000545999999439,-4,1/4
challenge-normal-pos-midleft-p354-uuu,16,16,24,3,3,4,3,14,0,checked,0.0,0.004001868000000464,-4,7/8
challenge-normal-pos-midleft-p354-ddd,16,16,22,3,3,4,3,4,-2,checked,0.0,0.003998934000000176,-4,1/4
challenge-normal-pos-midleft-p354-zzz,16,16,22,3,3,4,3,4,-2,checked,0.0,0.003999774999999595,-4,1/4
challenge-normal-pos-midleft-p354-nud,16,16,24,3,3,4,4,4,-2,checked,0.0,0.003999685000000142,-4,1/4
challenge-normal-pos-midleft-p354-udz,16,16,22,3,3,4,3,7,-1,checked,0.0,0.004000014999999912,-4,7/16
challenge-normal-pos-midleft-p354-dzn,16,16,22,3,3,4,4,4,-2,checked,0.0,0.004000315999999948,-4,1/4
challenge-normal-pos-midleft-p354-znu,16,16,22,3,3,4,3,7,-1,checked,0.0,0.004000416000000229,-4,7/16
challenge-normal-pos-midleft-p534-nnn,16,16,26,3,3,4,4,4,-2,checked,0.0,0.0040001560000000325,-4,1/4
challenge-normal-pos-midleft-p534-uuu,16,16,26,3,3,4,3,14,0,checked,0.0,0.003999413999999923,-4,7/8
challenge-normal-pos-midleft-p534-ddd,16,16,26,3,3,4,3,4,-2,checked,0.0,0.0040025090000002095,-4,1/4
challenge-normal-pos-midleft-p534-zzz,16,16,26,3,3,4,3,4,-2,checked,0.0,0.004001227999999912,-4,1/4
challenge-normal-pos-midleft-p534-nud,16,16,26,3,3,4,3,7,-1,checked,0.0,0.003998463000000285,-4,7/16
challenge-normal-pos-midleft-p534-udz,16,16,26,3,3,4,3,4,-2,checked,0.0,0.004001296999999404,-4,1/4
challenge-normal-pos-midleft-p534-dzn,16,16,26,3,3,4,4,4,-2,checked,0.0,0.003999403999999984,-4,1/4
challenge-normal-pos-midleft-p534-znu,16,16,26,3,3,4,4,7,-1,checked,0.0,0.004000597000000106,-4,7/16
challenge-normal-pos-midright-p354-nnn,16,16,22,3,3,4,4,4,-2,checked,0.0,0.003998944000000115,-4,1/4
challenge-normal-pos-midright-p354-uuu,16,16,24,3,3,4,3,14,0,checked,0.003998722999999593,0.0,-4,7/8
challenge-normal-pos-midright-p354-ddd,16,16,22,3,3,4,3,4,-2,checked,0.00399947500000053,0.0040037609999998836,-4,1/4
challenge-normal-pos-midright-p354-zzz,16,16,22,3,3,4,3,4,-2,checked,0.0,0.00400063599999978,-4,1/4
challenge-normal-pos-midright-p354-nud,16,16,24,3,3,4,4,4,-2,checked,0.0,0.003993816000000372,-4,1/4
challenge-normal-pos-midright-p354-udz,16,16,22,3,3,4,3,7,-1,checked,0.0,0.00400159799999944,-4,7/16
challenge-normal-pos-midright-p354-dzn,16,16,22,3,3,4,4,4,-2,checked,0.0,0.003998453000000346,-4,1/4
challenge-normal-pos-midright-p354-znu,16,16,22,3,3,4,3,7,-1,checked,0.0,0.004000345999999766,-4,7/16
challenge-normal-pos-midright-p534-nnn,16,16,26,3,3,4,4,4,-2,checked,0.0,0.004001197000000012,-4,1/4
challenge-normal-pos-midright-p534-uuu,16,16,26,3,3,4,3,14,0,checked,0.0,0.004002740000000671,-4,7/8
challenge-normal-pos-midright-p534-ddd,16,16,26,3,3,4,3,4,-2,checked,0.0,0.00400052599999956,-4,1/4
challenge-normal-pos-midright-p534-zzz,16,16,26,3,3,4,3,4,-2,checked,0.0,0.003999413999999923,-4,1/4
challenge-normal-pos-midright-p534-nud,16,16,26,3,3,4,3,7,-1,checked,0.0,0.003998624000000284,-4,7/16
challenge-normal-pos-midright-p534-udz,16,16,26,3,3,4,3,4,-2,checked,0.0,0.003999234000000129,-4,1/4
challenge-normal-pos-midright-p534-dzn,16,16,26,3,3,4,4,4,-2,checked,0.0,0.003999323999999582,-4,1/4
challenge-normal-pos-midright-p534-znu,16,16,26,3,3,4,4,7,-1,checked,0.0,0.008000462000000041,-4,7/16
challenge-normal-pos-right-p354-nnn,16,16,22,3,3,4,4,4,-2,checked,0.0,0.003999695000000081,-4,1/4
challenge-normal-pos-right-p354-uuu,16,16,24,3,3,4,3,14,0,checked,0.0,0.004008888000000432,-4,7/8
challenge-normal-pos-right-p354-ddd,16,16,22,3,3,4,3,4,-2,checked,0.0,0.0039812379999997205,-4,1/4
challenge-normal-pos-right-p354-zzz,16,16,22,3,3,4,3,4,-2,checked,0.0040004959999997425,0.0039986030000003225,-4,1/4
challenge-normal-pos-right-p354-nud,16,16,24,3,3,4,4,4,-2,checked,0.0,0.003999354999999483,-4,1/4
challenge-normal-pos-right-p354-udz,16,16,22,3,3,4,3,7,-1,checked,0.0,0.004002749000000527,-4,7/16
challenge-normal-pos-right-p354-dzn,16,16,22,3,3,4,4,4,-2,checked,0.0,0.003998282999999603,-4,1/4
challenge-normal-pos-right-p354-znu,16,16,22,3,3,4,3,7,-1,checked,0.0,0.004000246000000374,-4,7/16
challenge-normal-pos-right-p534-nnn,16,16,26,3,3,4,4,4,-2,checked,0.0,0.004001546999999661,-4,1/4
challenge-normal-pos-right-p534-uuu,16,16,26,3,3,4,3,14,0,checked,0.0,0.004082869000000322,-4,7/8
challenge-normal-pos-right-p534-ddd,16,16,26,3,3,4,3,4,-2,checked,0.0,0.003917782999999453,-4,1/4
challenge-normal-pos-right-p534-zzz,16,16,26,3,3,4,3,4,-2,checked,0.0,0.003999214000000251,-4,1/4
challenge-normal-pos-right-p534-nud,16,16,26,3,3,4,3,7,-1,checked,0.0,0.0039993049999997865,-4,7/16
challenge-normal-pos-right-p534-udz,16,16,26,3,3,4,3,4,-2,checked,0.0,0.004002289000000658,-4,1/4
challenge-normal-pos-right-p534-dzn,16,16,26,3,3,4,4,4,-2,checked,0.0,0.004000254999999342,-4,1/4
challenge-normal-pos-right-p534-znu,16,16,26,3,3,4,4,7,-1,checked,0.0,0.004000837000000423,-4,7/16
challenge-normal-pos-balanced-p354-nnn,16,16,22,3,2,4,4,4,-2,checked,0.0,0.004001458000000291,-4,1/4
challenge-normal-pos-balanced-p354-uuu,16,16,22,3,2,4,3,14,0,checked,0.0,0.0039986929999997756,-4,7/8
challenge-normal-pos-balanced-p354-ddd,16,16,22,3,2,4,3,4,-2,checked,0.0,0.003999774999999595,-4,1/4
challenge-normal-pos-balanced-p354-zzz,16,16,22,3,2,4,3,4,-2,checked,0.00400180799999994,0.0,-4,1/4
challenge-normal-pos-balanced-p354-nud,16,16,22,3,2,4,4,4,-2,checked,0.003999645000000385,0.0,-4,1/4
challenge-normal-pos-balanced-p354-udz,16,16,22,3,2,4,3,7,-1,checked,0.003996790999999611,0.0,-4,7/16
challenge-normal-pos-balanced-p354-dzn,16,16,22,3,2,4,4,4,-2,checked,0.003998793000000056,0.00400674599999995,-4,1/4
challenge-normal-pos-balanced-p354-znu,16,16,22,3,2,4,3,6,-1,checked,0.0,0.00399428600000018,-4,3/8
challenge-normal-pos-balanced-p534-nnn,16,16,26,3,2,4,4,4,-2,checked,0.0,0.003999355000000371,-4,1/4
challenge-normal-pos-balanced-p534-uuu,16,16,26,3,2,4,3,14,0,checked,0.0,0.004001047000000035,-4,7/8
challenge-normal-pos-balanced-p534-ddd,16,16,26,3,2,4,3,4,-2,checked,0.0,0.003997671999999675,-4,1/4
challenge-normal-pos-balanced-p534-zzz,16,16,26,3,2,4,3,4,-2,checked,0.0,0.004003169999999834,-4,1/4
challenge-normal-pos-balanced-p534-nud,16,16,26,3,2,4,3,7,-1,checked,0.0,0.003999433999999802,-4,7/16
challenge-normal-pos-balanced-p534-udz,16,16,26,3,2,4,3,4,-2,checked,0.0,0.003998524000000003,-4,1/4
challenge-normal-pos-balanced-p534-dzn,16,16,26,3,2,4,4,4,-2,checked,0.0,0.0039998850000007025,-4,1/4
challenge-normal-pos-balanced-p534-znu,16,16,26,3,2,4,4,6,-1,checked,0.0,0.004001727999999538,-4,3/8
challenge-normal-neg-left-p354-nnn,16,16,22,3,3,4,4,4,-2,checked,0.0,0.00399933400000041,-4,1/4
challenge-normal-neg-left-p354-uuu,16,16,22,3,3,4,3,4,-2,checked,0.0,0.004009729999999934,-4,1/4
challenge-normal-neg-left-p354-ddd,16,16,24,3,3,4,3,14,0,checked,0.0,0.003993364999999471,-4,7/8
challenge-normal-neg-left-p354-zzz,16,16,22,3,3,4,3,4,-2,checked,0.004001198000000095,0.003995558000000621,-4,1/4
challenge-normal-neg-left-p354-nud,16,16,22,3,3,4,4,7,-1,checked,0.0,0.0040004159999993405,-4,7/16
challenge-normal-neg-left-p354-udz,16,16,24,3,3,4,3,4,-2,checked,0.0,0.003999305000000675,-4,1/4
challenge-normal-neg-left-p354-dzn,16,16,28,3,3,4,4,7,-1,checked,0.0,0.0040020379999994304,-4,7/16
challenge-normal-neg-left-p354-znu,16,16,22,3,3,4,3,4,-2,checked,0.0,0.003998983999999872,-4,1/4
challenge-normal-neg-left-p534-nnn,16,16,26,3,3,4,4,4,-2,checked,0.0,0.003998904000000358,-4,1/4
challenge-normal-neg-left-p534-uuu,16,16,26,3,3,4,3,4,-2,checked,0.0,0.004000345999999766,-4,1/4
challenge-normal-neg-left-p534-ddd,16,16,26,3,3,4,3,14,0,checked,0.0,0.004001177000000133,-4,7/8
challenge-normal-neg-left-p534-zzz,16,16,26,3,3,4,3,4,-2,checked,0.0,0.004001117000000498,-4,1/4
challenge-normal-neg-left-p534-nud,16,16,26,3,3,4,3,7,-1,checked,0.0,0.0040016179999993184,-4,7/16
challenge-normal-neg-left-p534-udz,16,16,26,3,3,4,3,7,-1,checked,0.0,0.0039995440000000215,-4,7/16
challenge-normal-neg-left-p534-dzn,16,16,26,3,3,4,4,4,-2,checked,0.003998133000000514,0.003998192999999262,-4,1/4
challenge-normal-neg-left-p534-znu,16,16,26,3,3,4,4,4,-2,checked,0.0,0.00400050600000057,-4,1/4
challenge-normal-neg-midleft-p354-nnn,16,16,22,3,3,4,4,4,-2,checked,0.0,0.003998822999999874,-4,1/4
challenge-normal-neg-midleft-p354-uuu,16,16,22,3,3,4,3,4,-2,checked,0.0,0.004000536999999582,-4,1/4
challenge-normal-neg-midleft-p354-ddd,16,16,24,3,3,4,3,14,0,checked,0.0,0.004000035000000679,-4,7/8
challenge-normal-neg-midleft-p354-zzz,16,16,22,3,3,4,3,4,-2,checked,0.0,0.00399970500000002,-4,1/4
challenge-normal-neg-midleft-p354-nud,16,16,22,3,3,4,4,7,-1,checked,0.0,0.004002118999999915,-4,7/16
challenge-normal-neg-midleft-p354-udz,16,16,24,3,3,4,3,4,-2,checked,0.0,0.004000094999999426,-4,1/4
challenge-normal-neg-midleft-p354-dzn,16,16,28,3,3,4,4,7,-1,checked,0.0,0.004001448000000352,-4,7/16
challenge-normal-neg-midleft-p354-znu,16,16,22,3,3,4,3,4,-2,checked,0.0,0.003999484000000386,-4,1/4
challenge-normal-neg-midleft-p534-nnn,16,16,26,3,3,4,4,4,-2,checked,0.0,0.004003830999999458,-4,1/4
challenge-normal-neg-midleft-p534-uuu,16,16,26,3,3,4,3,4,-2,checked,0.003996691000000219,0.0039965899999998555,-4,1/4
challenge-normal-neg-midleft-p534-ddd,16,16,26,3,3,4,3,14,0,checked,0.0,0.004000596000000023,-4,7/8
challenge-normal-neg-midleft-p534-zzz,16,16,26,3,3,4,3,4,-2,checked,0.0,0.0039996350000004455,-4,1/4
challenge-normal-neg-midleft-p534-nud,16,16,26,3,3,4,3,7,-1,checked,0.0,0.0040008469999994745,-4,7/16
challenge-normal-neg-midleft-p534-udz,16,16,26,3,3,4,3,7,-1,checked,0.0,0.004001977999999795,-4,7/16
challenge-normal-neg-midleft-p534-dzn,16,16,26,3,3,4,4,4,-2,checked,0.0,0.003998973999999933,-4,1/4
challenge-normal-neg-midleft-p534-znu,16,16,26,3,3,4,4,4,-2,checked,0.0,0.003997911999999992,-4,1/4
challenge-normal-neg-midright-p354-nnn,16,16,22,3,3,4,4,4,-2,checked,0.0,0.004003180000000661,-4,1/4
challenge-normal-neg-midright-p354-uuu,16,16,22,3,3,4,3,4,-2,checked,0.0,0.0039987039999997975,-4,1/4
challenge-normal-neg-midright-p354-ddd,16,16,24,3,3,4,3,14,0,checked,0.0,0.0040029400000003434,-4,7/8
challenge-normal-neg-midright-p354-zzz,16,16,22,3,3,4,3,4,-2,checked,0.0,0.004000955999999611,-4,1/4
challenge-normal-neg-midright-p354-nud,16,16,22,3,3,4,4,7,-1,checked,0.004000597000000106,0.003996168999999661,-4,7/16
challenge-normal-neg-midright-p354-udz,16,16,24,3,3,4,3,4,-2,checked,0.0,0.003999795000000361,-4,1/4
challenge-normal-neg-midright-p354-dzn,16,16,28,3,3,4,4,7,-1,checked,0.0,0.004000556999999461,-4,7/16
challenge-normal-neg-midright-p354-znu,16,16,22,3,3,4,3,4,-2,checked,0.0,0.00399932400000047,-4,1/4
challenge-normal-neg-midright-p534-nnn,16,16,26,3,3,4,4,4,-2,checked,0.0,0.003998072999999991,-4,1/4
challenge-normal-neg-midright-p534-uuu,16,16,26,3,3,4,3,4,-2,checked,0.0,0.004002068000000136,-4,1/4
challenge-normal-neg-midright-p534-ddd,16,16,26,3,3,4,3,14,0,checked,0.0,0.003998232999999907,-4,7/8
challenge-normal-neg-midright-p534-zzz,16,16,26,3,3,4,3,4,-2,checked,0.0,0.004001768000000183,-4,1/4
challenge-normal-neg-midright-p534-nud,16,16,26,3,3,4,3,7,-1,checked,0.0,0.004002578999999784,-4,7/16
challenge-normal-neg-midright-p534-udz,16,16,26,3,3,4,3,7,-1,checked,0.0,0.003998372999999944,-4,7/16
challenge-normal-neg-midright-p534-dzn,16,16,26,3,3,4,4,4,-2,checked,0.0,0.004002379000000111,-4,1/4
challenge-normal-neg-midright-p534-znu,16,16,26,3,3,4,4,4,-2,checked,0.0,0.004002558999999906,-4,1/4
challenge-normal-neg-right-p354-nnn,16,16,22,3,3,4,4,4,-2,checked,0.003995008000000411,0.00399832299999936,-4,1/4
challenge-normal-neg-right-p354-uuu,16,16,22,3,3,4,3,4,-2,checked,0.0,0.003999133999999849,-4,1/4
challenge-normal-neg-right-p354-ddd,16,16,24,3,3,4,3,14,0,checked,0.0,0.0040007970000006665,-4,7/8
challenge-normal-neg-right-p354-zzz,16,16,22,3,3,4,3,4,-2,checked,0.0,0.004005723999999766,-4,1/4
challenge-normal-neg-right-p354-nud,16,16,22,3,3,4,4,7,-1,checked,0.0,0.003997220999999662,-4,7/16
challenge-normal-neg-right-p354-udz,16,16,24,3,3,4,3,4,-2,checked,0.0,0.004002529000000088,-4,1/4
challenge-normal-neg-right-p354-dzn,16,16,28,3,3,4,4,7,-1,checked,0.0,0.0039986430000000794,-4,7/16
challenge-normal-neg-right-p354-znu,16,16,22,3,3,4,3,4,-2,checked,0.003998333000000187,0.0039969409999995875,-4,1/4
challenge-normal-neg-right-p534-nnn,16,16,26,3,3,4,4,4,-2,checked,0.0,0.004000136000000154,-4,1/4
challenge-normal-neg-right-p534-uuu,16,16,26,3,3,4,3,4,-2,checked,0.0,0.004009649000000337,-4,1/4
challenge-normal-neg-right-p534-ddd,16,16,26,3,3,4,3,14,0,checked,0.0,0.003983440999999921,-4,7/8
challenge-normal-neg-right-p534-zzz,16,16,26,3,3,4,3,4,-2,checked,0.0,0.004001406999999624,-4,1/4
challenge-normal-neg-right-p534-nud,16,16,26,3,3,4,3,7,-1,checked,0.0,0.004001817999999879,-4,7/16
challenge-normal-neg-right-p534-udz,16,16,26,3,3,4,3,7,-1,checked,0.0,0.007999400000000101,-4,7/16
challenge-normal-neg-right-p534-dzn,16,16,26,3,3,4,4,4,-2,checked,0.0,0.0039976219999999785,-4,1/4
challenge-normal-neg-right-p534-znu,16,16,26,3,3,4,4,4,-2,checked,0.0,0.004000045000000618,-4,1/4
challenge-normal-neg-balanced-p354-nnn,16,16,22,3,2,4,4,4,-2,checked,0.0,0.004001968999999939,-4,1/4
challenge-normal-neg-balanced-p354-uuu,16,16,22,3,2,4,3,4,-2,checked,0.0,0.003998291999999459,-4,1/4
challenge-normal-neg-balanced-p354-ddd,16,16,22,3,2,4,3,14,0,checked,0.0,0.004002249000000013,-4,7/8
challenge-normal-neg-balanced-p354-zzz,16,16,22,3,2,4,3,4,-2,checked,0.0,0.0040017380000003655,-4,1/4
challenge-normal-neg-balanced-p354-nud,16,16,22,3,2,4,4,6,-1,checked,0.0,0.004003551000000272,-4,3/8
challenge-normal-neg-balanced-p354-udz,16,16,22,3,2,4,3,4,-2,checked,0.003995828999999951,0.00399701100000005,-4,1/4
challenge-normal-neg-balanced-p354-dzn,16,16,28,3,2,4,4,7,-1,checked,0.0,0.003998843999999835,-4,7/16
challenge-normal-neg-balanced-p354-znu,16,16,22,3,2,4,3,4,-2,checked,0.0,0.003999573999999839,-4,1/4
challenge-normal-neg-balanced-p534-nnn,16,16,26,3,2,4,4,4,-2,checked,0.0,0.004004241999999714,-4,1/4
challenge-normal-neg-balanced-p534-uuu,16,16,26,3,2,4,3,4,-2,checked,0.0,0.003996971000000293,-4,1/4
challenge-normal-neg-balanced-p534-ddd,16,16,26,3,2,4,3,14,0,checked,0.0,0.003999423999999863,-4,7/8
challenge-normal-neg-balanced-p534-zzz,16,16,26,3,2,4,3,4,-2,checked,0.0,0.004001788000000062,-4,1/4
challenge-normal-neg-balanced-p534-nud,16,16,26,3,2,4,3,6,-1,checked,0.0,0.0040051840000003835,-4,3/8
challenge-normal-neg-balanced-p534-udz,16,16,26,3,2,4,3,7,-1,checked,0.0,0.003996208999999418,-4,7/16
challenge-normal-neg-balanced-p534-dzn,16,16,26,3,2,4,4,4,-2,checked,0.0,0.0039995550000000435,-4,1/4
challenge-normal-neg-balanced-p534-znu,16,16,26,3,2,4,4,4,-2,checked,0.0,0.004010381000000507,-4,1/4
challenge-subnormal-pos-left-p354-nnn,16,16,32,3,3,4,3,2,-5,checked,0.0,0.003948819999999742,-6,1/32
challenge-subnormal-pos-left-p354-uuu,16,16,24,3,3,4,2,3,-4,checked,0.0,0.003998832999999813,-6,3/64
challenge-subnormal-pos-left-p354-ddd,16,16,24,3,3,4,2,4,-4,checked,0.0,0.0,-6,1/16
challenge-subnormal-pos-left-p354-zzz,16,16,24,3,3,4,2,4,-4,checked,0.003998724000000564,0.0,-6,1/16
challenge-subnormal-pos-left-p354-nud,16,16,32,3,3,4,3,3,-4,checked,0.0,0.004003860999999276,-6,3/64
challenge-subnormal-pos-left-p354-udz,16,16,24,3,3,4,2,2,-5,checked,0.0,0.003993375000000299,-6,1/32
challenge-subnormal-pos-left-p354-dzn,16,16,24,3,3,4,2,3,-4,checked,0.0,0.0,-6,3/64
challenge-subnormal-pos-left-p354-znu,16,16,24,3,3,4,2,3,-4,checked,0.0,0.004004081999999798,-6,3/64
challenge-subnormal-pos-left-p534-nnn,16,16,32,3,3,4,3,2,-5,checked,0.0,0.0039963300000005475,-6,1/32
challenge-subnormal-pos-left-p534-uuu,16,16,30,3,3,4,2,4,-4,checked,0.0,0.0,-6,1/16
challenge-subnormal-pos-left-p534-ddd,16,16,30,3,3,4,2,4,-4,checked,0.004002909999999638,0.0,-6,1/16
challenge-subnormal-pos-left-p534-zzz,16,16,30,3,3,4,2,4,-4,checked,0.0,0.00399815200000031,-6,1/16
challenge-subnormal-pos-left-p534-nud,16,16,30,3,3,4,2,3,-4,checked,0.0,0.004000385999999523,-6,3/64
challenge-subnormal-pos-left-p534-udz,16,16,30,3,3,4,2,4,-4,checked,0.0,0.0,-6,1/16
challenge-subnormal-pos-left-p534-dzn,16,16,30,3,3,4,2,4,-4,checked,0.0,0.004005252999999875,-6,1/16
challenge-subnormal-pos-left-p534-znu,16,16,32,3,3,4,3,3,-4,checked,0.0,0.003993676000000335,-6,3/64
challenge-subnormal-pos-midleft-p354-nnn,16,16,32,3,3,4,3,2,-5,checked,0.0,0.0040041920000000175,-6,1/32
challenge-subnormal-pos-midleft-p354-uuu,16,16,24,3,3,4,2,3,-4,checked,0.0,0.003997562000000343,-6,3/64
challenge-subnormal-pos-midleft-p354-ddd,16,16,24,3,3,4,2,4,-4,checked,0.0,0.0,-6,1/16
challenge-subnormal-pos-midleft-p354-zzz,16,16,24,3,3,4,2,4,-4,checked,0.0040007459999999995,0.0,-6,1/16
challenge-subnormal-pos-midleft-p354-nud,16,16,32,3,3,4,3,3,-4,checked,0.0,0.003999364999999422,-6,3/64
challenge-subnormal-pos-midleft-p354-udz,16,16,24,3,3,4,2,2,-5,checked,0.0,0.0039989829999997895,-6,1/32
challenge-subnormal-pos-midleft-p354-dzn,16,16,24,3,3,4,2,3,-4,checked,0.0,0.0,-6,3/64
challenge-subnormal-pos-midleft-p354-znu,16,16,24,3,3,4,2,3,-4,checked,0.0,0.004008579000000623,-6,3/64
challenge-subnormal-pos-midleft-p534-nnn,16,16,32,3,3,4,3,2,-5,checked,0.0,0.0039932350000002614,-6,1/32
challenge-subnormal-pos-midleft-p534-uuu,16,16,30,3,3,4,2,4,-4,checked,0.0,0.0,-6,1/16
challenge-subnormal-pos-midleft-p534-ddd,16,16,30,3,3,4,2,4,-4,checked,0.004000014999999912,0.0,-6,1/16
challenge-subnormal-pos-midleft-p534-zzz,16,16,30,3,3,4,2,4,-4,checked,0.0,0.004003179999999773,-6,1/16
challenge-subnormal-pos-midleft-p534-nud,16,16,30,3,3,4,2,3,-4,checked,0.0,0.00399517899999946,-6,3/64
challenge-subnormal-pos-midleft-p534-udz,16,16,30,3,3,4,2,4,-4,checked,0.0,0.0,-6,1/16
challenge-subnormal-pos-midleft-p534-dzn,16,16,30,3,3,4,2,4,-4,checked,0.0,0.004003630000000591,-6,1/16
challenge-subnormal-pos-midleft-p534-znu,16,16,32,3,3,4,3,3,-4,checked,0.0,0.003997681999999614,-6,3/64
challenge-subnormal-pos-midright-p354-nnn,16,16,32,3,3,4,3,2,-5,checked,0.0,0.0,-6,1/32
challenge-subnormal-pos-midright-p354-uuu,16,16,24,3,3,4,2,3,-4,checked,0.003999405000000067,0.0,-6,3/64
challenge-subnormal-pos-midright-p354-ddd,16,16,24,3,3,4,2,4,-4,checked,0.0,0.004001376999999806,-6,1/16
challenge-subnormal-pos-midright-p354-zzz,16,16,24,3,3,4,2,4,-4,checked,0.0,0.003999174000000494,-6,1/16
challenge-subnormal-pos-midright-p354-nud,16,16,32,3,3,4,3,3,-4,checked,0.0,0.0,-6,3/64
challenge-subnormal-pos-midright-p354-udz,16,16,24,3,3,4,2,2,-5,checked,0.0,0.004003650999999664,-6,1/32
challenge-subnormal-pos-midright-p354-dzn,16,16,24,3,3,4,2,3,-4,checked,0.0,0.003997351999999843,-6,3/64
challenge-subnormal-pos-midright-p354-znu,16,16,24,3,3,4,2,3,-4,checked,0.0,0.003997652000000684,-6,3/64
challenge-subnormal-pos-midright-p534-nnn,16,16,32,3,3,4,3,2,-5,checked,0.0,0.0,-6,1/32
challenge-subnormal-pos-midright-p534-uuu,16,16,30,3,3,4,2,4,-4,checked,0.0,0.004003169999999834,-6,1/16
challenge-subnormal-pos-midright-p534-ddd,16,16,30,3,3,4,2,4,-4,checked,0.0,0.003997141000000148,-6,1/16
challenge-subnormal-pos-midright-p534-zzz,16,16,30,3,3,4,2,4,-4,checked,0.0,0.0,-6,1/16
challenge-subnormal-pos-midright-p534-nud,16,16,30,3,3,4,2,3,-4,checked,0.0,0.00400287999999982,-6,3/64
challenge-subnormal-pos-midright-p534-udz,16,16,30,3,3,4,2,4,-4,checked,0.0,0.003997892000000114,-6,1/16
challenge-subnormal-pos-midright-p534-dzn,16,16,30,3,3,4,2,4,-4,checked,0.0,0.0,-6,1/16
challenge-subnormal-pos-midright-p534-znu,16,16,32,3,3,4,3,3,-4,checked,0.004001317000000171,0.0,-6,3/64
challenge-subnormal-pos-right-p354-nnn,16,16,32,3,3,4,3,2,-5,checked,0.0,0.004001667999999903,-6,1/32
challenge-subnormal-pos-right-p354-uuu,16,16,24,3,3,4,2,3,-4,checked,0.0,0.003996369999999416,-6,3/64
challenge-subnormal-pos-right-p354-ddd,16,16,24,3,3,4,2,4,-4,checked,0.0,0.0,-6,1/16
challenge-subnormal-pos-right-p354-zzz,16,16,24,3,3,4,2,4,-4,checked,0.0,0.004002659000000186,-6,1/16
challenge-subnormal-pos-right-p354-nud,16,16,32,3,3,4,3,3,-4,checked,0.0,0.003998043000000173,-6,3/64
challenge-subnormal-pos-right-p354-udz,16,16,24,3,3,4,2,2,-5,checked,0.0,0.0,-6,1/32
challenge-subnormal-pos-right-p354-dzn,16,16,24,3,3,4,2,3,-4,checked,0.004002999999999979,0.0,-6,3/64
challenge-subnormal-pos-right-p354-znu,16,16,24,3,3,4,2,3,-4,checked,0.0,0.003997111000000331,-6,3/64
challenge-subnormal-pos-right-p534-nnn,16,16,32,3,3,4,3,2,-5,checked,0.0,0.004000705999999354,-6,1/32
challenge-subnormal-pos-right-p534-uuu,16,16,30,3,3,4,2,4,-4,checked,0.0,0.0,-6,1/16
challenge-subnormal-pos-right-p534-ddd,16,16,30,3,3,4,2,4,-4,checked,0.0,0.004001848000000585,-6,1/16
challenge-subnormal-pos-right-p534-zzz,16,16,30,3,3,4,2,4,-4,checked,0.0,0.003998452999999458,-6,1/16
challenge-subnormal-pos-right-p534-nud,16,16,30,3,3,4,2,3,-4,checked,0.0,0.0,-6,3/64
challenge-subnormal-pos-right-p534-udz,16,16,30,3,3,4,2,4,-4,checked,0.004008148000000489,0.0,-6,1/16
challenge-subnormal-pos-right-p534-dzn,16,16,30,3,3,4,2,4,-4,checked,0.0,0.003991361999999832,-6,1/16
challenge-subnormal-pos-right-p534-znu,16,16,32,3,3,4,3,3,-4,checked,0.0,0.0,-6,3/64
challenge-subnormal-pos-balanced-p354-nnn,16,16,30,3,2,4,3,2,-5,checked,0.004000986999999512,0.0,-6,1/32
challenge-subnormal-pos-balanced-p354-uuu,16,16,23,3,2,4,2,3,-4,checked,0.0,0.004000777000000788,-6,3/64
challenge-subnormal-pos-balanced-p354-ddd,16,16,23,3,2,4,2,4,-4,checked,0.0,0.003998492999999215,-6,1/16
challenge-subnormal-pos-balanced-p354-zzz,16,16,23,3,2,4,2,4,-4,checked,0.0,0.0,-6,1/16
challenge-subnormal-pos-balanced-p354-nud,16,16,30,3,2,4,3,3,-4,checked,0.0,0.004004923000000105,-6,3/64
challenge-subnormal-pos-balanced-p354-udz,16,16,23,3,2,4,2,2,-5,checked,0.0,0.00399535800000006,-6,1/32
challenge-subnormal-pos-balanced-p354-dzn,16,16,23,3,2,4,2,3,-4,checked,0.0,0.0,-6,3/64
challenge-subnormal-pos-balanced-p354-znu,16,16,23,3,2,4,2,3,-4,checked,0.0040023390000003545,0.0,-6,3/64
challenge-subnormal-pos-balanced-p534-nnn,16,16,34,3,2,4,3,2,-5,checked,0.0,0.004004952999999922,-6,1/32
challenge-subnormal-pos-balanced-p534-uuu,16,16,31,3,2,4,2,3,-4,checked,0.0,0.003994206999999861,-6,3/64
challenge-subnormal-pos-balanced-p534-ddd,16,16,31,3,2,4,2,4,-4,checked,0.0,0.003999795000000361,-6,1/16
challenge-subnormal-pos-balanced-p534-zzz,16,16,31,3,2,4,2,4,-4,checked,0.0,0.0,-6,1/16
challenge-subnormal-pos-balanced-p534-nud,16,16,31,3,2,4,2,2,-5,checked,0.0,0.00400166699999982,-6,1/32
challenge-subnormal-pos-balanced-p534-udz,16,16,31,3,2,4,2,4,-4,checked,0.0,0.00416334400000018,-6,1/16
challenge-subnormal-pos-balanced-p534-dzn,16,16,31,3,2,4,2,3,-4,checked,0.0,0.003839765999999578,-6,3/64
challenge-subnormal-pos-balanced-p534-znu,16,16,34,3,2,4,3,2,-5,checked,0.0,0.003994377999999799,-6,1/32
challenge-subnormal-neg-left-p354-nnn,16,16,32,3,3,4,3,2,-5,checked,0.0,0.00400108700000068,-6,1/32
challenge-subnormal-neg-left-p354-uuu,16,16,24,3,3,4,2,4,-4,checked,0.0,0.004003469999999787,-6,1/16
challenge-subnormal-neg-left-p354-ddd,16,16,24,3,3,4,2,3,-4,checked,0.0,0.003995848999999829,-6,3/64
challenge-subnormal-neg-left-p354-zzz,16,16,24,3,3,4,2,4,-4,checked,0.0,0.0,-6,1/16
challenge-subnormal-neg-left-p354-nud,16,16,32,3,3,4,3,2,-5,checked,0.0,0.004003961999999639,-6,1/32
challenge-subnormal-neg-left-p354-udz,16,16,24,3,3,4,2,4,-4,checked,0.0,0.0039958190000000116,-6,1/16
challenge-subnormal-neg-left-p354-dzn,16,16,24,3,3,4,2,3,-4,checked,0.0,0.004001247000000596,-6,3/64
challenge-subnormal-neg-left-p354-znu,16,16,24,3,3,4,2,4,-4,checked,0.0,0.0040004159999993405,-6,1/16
challenge-subnormal-neg-left-p534-nnn,16,16,32,3,3,4,3,2,-5,checked,0.0,0.00399712100000027,-6,1/32
challenge-subnormal-neg-left-p534-uuu,16,16,30,3,3,4,2,4,-4,checked,0.0,0.0,-6,1/16
challenge-subnormal-neg-left-p534-ddd,16,16,30,3,3,4,2,4,-4,checked,0.0,0.004006034000000547,-6,1/16
challenge-subnormal-neg-left-p534-zzz,16,16,30,3,3,4,2,4,-4,checked,0.003998202999999201,0.0,-6,1/16
challenge-subnormal-neg-left-p534-nud,16,16,30,3,3,4,2,3,-4,checked,0.0,0.003999294000000653,-6,3/64
challenge-subnormal-neg-left-p534-udz,16,16,30,3,3,4,2,3,-4,checked,0.0,0.004000385999999523,-6,3/64
challenge-subnormal-neg-left-p534-dzn,16,16,30,3,3,4,2,4,-4,checked,0.0,0.0039957290000005585,-6,1/16
challenge-subnormal-neg-left-p534-znu,16,16,32,3,3,4,3,2,-5,checked,0.0,0.0,-6,1/32
challenge-subnormal-neg-midleft-p354-nnn,16,16,32,3,3,4,3,2,-5,checked,0.0,0.004004572999999567,-6,1/32
challenge-subnormal-neg-midleft-p354-uuu,16,16,24,3,3,4,2,4,-4,checked,0.0,0.003996540000000159,-6,1/16
challenge-subnormal-neg-midleft-p354-ddd,16,16,24,3,3,4,2,3,-4,checked,0.0,0.004000085000000375,-6,3/64
challenge-subnormal-neg-midleft-p354-zzz,16,16,24,3,3,4,2,4,-4,checked,0.0,0.0,-6,1/16
challenge-subnormal-neg-midleft-p354-nud,16,16,32,3,3,4,3,2,-5,checked,0.0,0.0040023489999994055,-6,1/32
challenge-subnormal-neg-midleft-p354-udz,16,16,24,3,3,4,2,4,-4,checked,0.0,0.003998584000000527,-6,1/16
challenge-subnormal-neg-midleft-p354-dzn,16,16,24,3,3,4,2,3,-4,checked,0.0,0.003999954999999389,-6,3/64
challenge-subnormal-neg-midleft-p354-znu,16,16,24,3,3,4,2,4,-4,checked,0.0,0.0,-6,1/16
challenge-subnormal-neg-midleft-p534-nnn,16,16,32,3,3,4,3,2,-5,checked,0.0,0.004004552000000494,-6,1/32
challenge-subnormal-neg-midleft-p534-uuu,16,16,30,3,3,4,2,4,-4,checked,0.0,0.003998483000000164,-6,1/16
challenge-subnormal-neg-midleft-p534-ddd,16,16,30,3,3,4,2,4,-4,checked,0.0,0.003997631999999918,-6,1/16
challenge-subnormal-neg-midleft-p534-zzz,16,16,30,3,3,4,2,4,-4,checked,0.0,0.0,-6,1/16
challenge-subnormal-neg-midleft-p534-nud,16,16,30,3,3,4,2,3,-4,checked,0.0,0.004004261999999592,-6,3/64
challenge-subnormal-neg-midleft-p534-udz,16,16,30,3,3,4,2,3,-4,checked,0.0,0.003996680000000197,-6,3/64
challenge-subnormal-neg-midleft-p534-dzn,16,16,30,3,3,4,2,4,-4,checked,0.0,0.003998173000000271,-6,1/16
challenge-subnormal-neg-midleft-p534-znu,16,16,32,3,3,4,3,2,-5,checked,0.0,0.0,-6,1/32
challenge-subnormal-neg-midright-p354-nnn,16,16,32,3,3,4,3,2,-5,checked,0.004004401999999629,0.0,-6,1/32
challenge-subnormal-neg-midright-p354-uuu,16,16,24,3,3,4,2,4,-4,checked,0.0,0.003998242999999846,-6,1/16
challenge-subnormal-neg-midright-p354-ddd,16,16,24,3,3,4,2,3,-4,checked,0.0,0.003998512999999981,-6,3/64
challenge-subnormal-neg-midright-p354-zzz,16,16,24,3,3,4,2,4,-4,checked,0.0,0.0,-6,1/16
challenge-subnormal-neg-midright-p354-nud,16,16,32,3,3,4,3,2,-5,checked,0.004003750999999944,0.0,-6,1/32
challenge-subnormal-neg-midright-p354-udz,16,16,24,3,3,4,2,4,-4,checked,0.0,0.003998883000000397,-6,1/16
challenge-subnormal-neg-midright-p354-dzn,16,16,24,3,3,4,2,3,-4,checked,0.0,0.00399715200000017,-6,3/64
challenge-subnormal-neg-midright-p354-znu,16,16,24,3,3,4,2,4,-4,checked,0.0,0.003998472999999336,-6,1/16
challenge-subnormal-neg-midright-p534-nnn,16,16,32,3,3,4,3,2,-5,checked,0.0,0.004004221000000641,-6,1/32
challenge-subnormal-neg-midright-p534-uuu,16,16,30,3,3,4,2,4,-4,checked,0.0,0.003998743999999554,-6,1/16
challenge-subnormal-neg-midright-p534-ddd,16,16,30,3,3,4,2,4,-4,checked,0.0,0.0,-6,1/16
challenge-subnormal-neg-midright-p534-zzz,16,16,30,3,3,4,2,4,-4,checked,0.0,0.00426210500000046,-6,1/16
challenge-subnormal-neg-midright-p534-nud,16,16,30,3,3,4,2,3,-4,checked,0.0,0.003799016999999516,-6,3/64
challenge-subnormal-neg-midright-p534-udz,16,16,30,3,3,4,2,3,-4,checked,0.0,0.003939865000000431,-6,3/64
challenge-subnormal-neg-midright-p534-dzn,16,16,30,3,3,4,2,4,-4,checked,0.0,0.003997952999999832,-6,1/16
challenge-subnormal-neg-midright-p534-znu,16,16,32,3,3,4,3,2,-5,checked,0.0,0.0,-6,1/32
challenge-subnormal-neg-right-p354-nnn,16,16,32,3,3,4,3,2,-5,checked,0.00400381099999958,0.0,-6,1/32
challenge-subnormal-neg-right-p354-uuu,16,16,24,3,3,4,2,4,-4,checked,0.0,0.003998934000000176,-6,1/16
challenge-subnormal-neg-right-p354-ddd,16,16,24,3,3,4,2,3,-4,checked,0.0,0.003995278000000546,-6,3/64
challenge-subnormal-neg-right-p354-zzz,16,16,24,3,3,4,2,4,-4,checked,0.0,0.0040025189999992605,-6,1/16
challenge-subnormal-neg-right-p354-nud,16,16,32,3,3,4,3,2,-5,checked,0.0,0.003997942000000698,-6,1/32
challenge-subnormal-neg-right-p354-udz,16,16,24,3,3,4,2,4,-4,checked,0.0,0.0,-6,1/16
challenge-subnormal-neg-right-p354-dzn,16,16,24,3,3,4,2,3,-4,checked,0.0,0.004004622999999263,-6,3/64
challenge-subnormal-neg-right-p354-znu,16,16,24,3,3,4,2,4,-4,checked,0.0,0.00400015499999995,-6,1/16
challenge-subnormal-neg-right-p534-nnn,16,16,32,3,3,4,3,2,-5,checked,0.0,0.003997692000000441,-6,1/32
challenge-subnormal-neg-right-p534-uuu,16,16,30,3,3,4,2,4,-4,checked,0.0,0.004003130000000077,-6,1/16
challenge-subnormal-neg-right-p534-ddd,16,16,30,3,3,4,2,4,-4,checked,0.0,0.0039983530000000655,-6,1/16
challenge-subnormal-neg-right-p534-zzz,16,16,30,3,3,4,2,4,-4,checked,0.0,0.003998613999999456,-6,1/16
challenge-subnormal-neg-right-p534-nud,16,16,30,3,3,4,2,3,-4,checked,0.0,0.0,-6,3/64
challenge-subnormal-neg-right-p534-udz,16,16,30,3,3,4,2,3,-4,checked,0.0,0.004002999000000784,-6,3/64
challenge-subnormal-neg-right-p534-dzn,16,16,30,3,3,4,2,4,-4,checked,0.0,0.003995528999999998,-6,1/16
challenge-subnormal-neg-right-p534-znu,16,16,32,3,3,4,3,2,-5,checked,0.0,0.00399960499999974,-6,1/32
challenge-subnormal-neg-balanced-p354-nnn,16,16,30,3,2,4,3,2,-5,checked,0.0,0.0,-6,1/32
challenge-subnormal-neg-balanced-p354-uuu,16,16,23,3,2,4,2,4,-4,checked,0.0,0.0040019979999996735,-6,1/16
challenge-subnormal-neg-balanced-p354-ddd,16,16,23,3,2,4,2,3,-4,checked,0.0,0.0040009670000005215,-6,3/64
challenge-subnormal-neg-balanced-p354-zzz,16,16,23,3,2,4,2,4,-4,checked,0.0,0.0,-6,1/16
challenge-subnormal-neg-balanced-p354-nud,16,16,30,3,2,4,3,2,-5,checked,0.003998883999999592,0.0,-6,1/32
challenge-subnormal-neg-balanced-p354-udz,16,16,23,3,2,4,2,4,-4,checked,0.0,0.004001758000000244,-6,1/16
challenge-subnormal-neg-balanced-p354-dzn,16,16,23,3,2,4,2,3,-4,checked,0.0,0.003996719999999954,-6,3/64
challenge-subnormal-neg-balanced-p354-znu,16,16,23,3,2,4,2,4,-4,checked,0.0,0.0,-6,1/16
challenge-subnormal-neg-balanced-p534-nnn,16,16,34,3,2,4,3,2,-5,checked,0.004004852999999642,0.0,-6,1/32
challenge-subnormal-neg-balanced-p534-uuu,16,16,31,3,2,4,2,4,-4,checked,0.0,0.0039981830000002105,-6,1/16
challenge-subnormal-neg-balanced-p534-ddd,16,16,31,3,2,4,2,3,-4,checked,0.0,0.003999254000000008,-6,3/64
challenge-subnormal-neg-balanced-p534-zzz,16,16,31,3,2,4,2,4,-4,checked,0.0,0.004002578999999784,-6,1/16
challenge-subnormal-neg-balanced-p534-nud,16,16,31,3,2,4,2,3,-4,checked,0.0,0.003999104000000031,-6,3/64
challenge-subnormal-neg-balanced-p534-udz,16,16,31,3,2,4,2,2,-5,checked,0.0,0.0,-6,1/32
challenge-subnormal-neg-balanced-p534-dzn,16,16,31,3,2,4,2,3,-4,checked,0.0,0.004000246000000374,-6,3/64
challenge-subnormal-neg-balanced-p534-znu,16,16,34,3,2,4,3,3,-4,checked,0.0,0.003996309999999781,-6,3/64
